id,nome,endereco,contato,status,cidade,latitude,longitude,url,bandeira,created_at,updated_at
2,POSTO SAO GONCALO 3,"RODOVIA BR-116 S/N NOVO HORIZONTE 44036331, FEIRA DE SANTANA",7532261302,"há 2 hora(s), 8 minuto(s) e 1 segundo(s)",Feira de Santana,-12.1779054,-38.9755685,https://goo.gl/maps/EQgbswDrAe7BDvUD6,ipiranga,2020-05-15 18:06:14+00,2020-05-18 16:30:04+00
4,POSTO TREVO,"RODOVIA BR 116 S/N NOVO HORIZONTE 44036331, FEIRA DE SANTANA",7534717157,"há 2 hora(s), 8 minuto(s) e 1 segundo(s)",Feira de Santana,-12.0637487,-38.9731069,https://goo.gl/maps/tWpJNTMum1vKbAXB8,petrobras,2020-05-15 18:06:15+00,2020-05-18 16:35:51+00
5,POSTO EXPOFEIRA,"RUA CENTRO INDUSTRIAL SUBAE SN CENTRO INDUSTRIAL SUBAE 44052510, FEIRA DE SANTANA",,"há 2 hora(s), 8 minuto(s) e 1 segundo(s)",Feira de Santana,-12.297598,-38.9017894,https://goo.gl/maps/7fTbFLYbtQ1cvLHY9,menor,2020-05-15 18:06:15+00,2020-05-18 16:41:37+00
8,MEGA POSTO 2,"RODOVIA BR. 116, KM.18 S/N TIQUARUCU 44140000, FEIRA DE SANTANA",7536146277,"há 2 hora(s), 8 minuto(s) e 1 segundo(s)",Feira de Santana,,,,outros,2020-05-15 18:06:15+00,2020-05-18 16:52:00+00
7,POSTO NOSSO GAS 1,"RODOVIA BR324, KM102-SENTIDO SALV/FEIRA S/N CIS 44096486, FEIRA DE SANTANA",7536124200,"há 2 hora(s), 8 minuto(s) e 1 segundo(s)",Feira de Santana,-12.2860054,-38.9145728,https://goo.gl/maps/jzKHCZe13PfroPbL9,menor,2020-05-15 18:06:15+00,2020-05-18 16:46:33+00
9,MEGA POSTO 1,"RODOVIA BR. 324, KM.99 S/N HUMILDES (FEIRA DE SANTANA) 44135000, FEIRA DE SANTANA",7536143851,"há 2 hora(s), 8 minuto(s) e 1 segundo(s)",Feira de Santana,,,,outros,2020-05-15 18:06:15+00,2020-05-18 16:54:03+00
10,POSTOS,"RODOVIA BR 324 SN DISTRITO BESSA 44245000, CONCEIÇÃO DO JACUÍPE",,"há 2 hora(s), 8 minuto(s) e 1 segundo(s)",Feira de Santana,-12.3667658,-38.8181722,https://goo.gl/maps/fUM2zxq6wi2dFUGL7,shell,2020-05-15 18:06:15+00,2020-05-18 16:58:29+00
18,MORIA,"AVENIDA GOVERNADOR JOAO DURVAL CARNEIRO 1720 CAPUCHINHOS 44076000, FEIRA DE SANTANA",7532231717,"há 2 hora(s), 8 minuto(s) e 1 segundo(s)",Feira de Santana,-12.2581637,-38.9531687,https://goo.gl/maps/sDoXoikwqyEgp7Ph6,petrobras,2020-05-15 18:06:15+00,2020-05-18 17:19:06+00
19,POSTO SAO JOAO,"RODOVIA BA 502, KM 02 S/N CIS 44330000, CACHOEIRA",7536164831,"há 2 hora(s), 8 minuto(s) e 1 segundo(s)",Feira de Santana,-12.3149224,-38.9566615,https://goo.gl/maps/r8EbN2hkmctTbou98,outros,2020-05-15 18:06:15+00,2020-05-18 17:24:04+00
20,POSTO PIRAI,"RUA DOUTOR ANTONIO BORJA 000145 CENTRO 44010390, FEIRA DE SANTANA",7591153373,"há 2 hora(s), 8 minuto(s) e 1 segundo(s)",Feira de Santana,-12.2597563,-38.9692783,https://goo.gl/maps/Xebgtj8kVaaPgL68A,outros,2020-05-15 18:06:15+00,2020-05-18 17:33:57+00
21,POSTO TREVO,"AVENIDA EDUARDO FROES DA MOTA 970 TOMBA 44090156, FEIRA DE SANTANA",7521010800,"há 2 hora(s), 8 minuto(s) e 1 segundo(s)",Feira de Santana,-12.2765828,-38.9591138,https://goo.gl/maps/Qyf7i3xRCJipS3Gr8,petrobras,2020-05-15 18:06:15+00,2020-05-18 17:37:33+00
22,POSTO BOULEVARD,"RUA CORONEL JOSE PINTO 1140 SAO JOAO 44051400, FEIRA DE SANTANA",7532230391,"há 2 hora(s), 8 minuto(s) e 1 segundo(s)",Feira de Santana,-12.2410597,-38.9504148,https://goo.gl/maps/RVyghFMvX7PGYm3Q6,menor,2020-05-15 18:06:15+00,2020-05-18 17:39:39+00
23,POSTO AYRTON SENNA,"AVENIDA AYRTON SENNA DA SILVA S/N CONCEIÇÃO 44065002, FEIRA DE SANTANA",7532119606,"há 2 hora(s), 8 minuto(s) e 1 segundo(s)",Feira de Santana,-12.2270668,-38.9444074,https://goo.gl/maps/y1RZhTg7ZAoXuWg69,menor,2020-05-15 18:06:15+00,2020-05-18 17:47:18+00
24,POSTO SENHOR DOS PASSOS,"AVENIDA SENHOR DOS PASSOS 1705 CENTRO 44002375, FEIRA DE SANTANA",7536124200,"há 2 hora(s), 8 minuto(s) e 1 segundo(s)",Feira de Santana,-12.2490194,-38.9658661,https://goo.gl/maps/u2sHEMnp81nuyt2u7,menor,2020-05-15 18:06:15+00,2020-05-18 17:50:02+00
26,POSTO VILA OLIMPIA,"AVENIDA RIO DE JANEIRO 845 PEDRA DO DESCANSO 44007195, FEIRA DE SANTANA",7536124200,"há 2 hora(s), 8 minuto(s) e 1 segundo(s)",Feira de Santana,-12.2645693,-38.981155,https://goo.gl/maps/x3a7U8wxUJfMDArt6,menor,2020-05-15 18:06:15+00,2020-05-18 17:58:32+00
28,POSTO ELDOURADO,"RUA JOSE JOAQUIM SEABRA 410 CENTRO 44002000, FEIRA DE SANTANA",,"há 2 hora(s), 8 minuto(s) e 1 segundo(s)",Feira de Santana,-12.2589924,-38.9658715,https://goo.gl/maps/DuqA6xUB3A1QAxQCA,outros,2020-05-15 18:06:15+00,2020-05-18 18:02:08+00
27,POSTO KALILANDIA II,"AVENIDA PRESIDENTE DUTRA 1320 PONTO CENTRAL 44075516, FEIRA DE SANTANA",7132715277,"há 2 hora(s), 8 minuto(s) e 1 segundo(s)",Feira de Santana,-12.2598659,-38.953481,https://goo.gl/maps/mwHRYZgKiaCLnaYs5,shell,2020-05-15 18:06:15+00,2020-05-18 18:00:07+00
29,POSTO CONTORNO,"AVENIDA EDUARDO FROES DA MOTA 1951 PARQ. GETULIO VARGAS 44076822, FEIRA DE SANTANA",7532230391,"há 2 hora(s), 8 minuto(s) e 1 segundo(s)",Feira de Santana,-12.2510758,-38.9341769,https://goo.gl/maps/ctmqdVz6temUnj6E9,menor,2020-05-15 18:06:15+00,2020-05-18 18:04:06+00
30,POSTO BAHIA,"AVENIDA TRANSNORDESTINA 2060 CAMPO LIMPO 44032411, FEIRA DE SANTANA",7532119606,"há 2 hora(s), 8 minuto(s) e 1 segundo(s)",Feira de Santana,-12.2207237,-38.968194,https://goo.gl/maps/8vxStUinMr4ZBUsp7,menor,2020-05-15 18:06:15+00,2020-05-18 18:06:04+00
31,POSTO RADIAL,"RODOVIA BR 116 SN NOVO HORIZONTE 44036331, FEIRA DE SANTANA",7532241247,"há 2 hora(s), 8 minuto(s) e 1 segundo(s)",Feira de Santana,-12.2144698,-38.9653286,https://goo.gl/maps/DLSFUtt16VjxaSAA6,shell,2020-05-15 18:06:15+00,2020-05-18 18:08:53+00
32,POSTO TROPICAL,"ATALHO EDUARDO FROES DA MOTA 5700 CIDADE NOVA 44053005, FEIRA DE SANTANA",7532257094,"há 2 hora(s), 8 minuto(s) e 1 segundo(s)",Feira de Santana,-12.231852,-38.9560785,https://goo.gl/maps/y42NqZJvgiFhMocZ9,shell,2020-05-15 18:06:15+00,2020-05-18 18:12:35+00
34,POSTO PORTAL DO SERTAO,"RODOVIA BR 324 S/N CIS 44055770, FEIRA DE SANTANA",756143344,"há 2 hora(s), 8 minuto(s) e 1 segundo(s)",Feira de Santana,-12.2784753,-38.9273868,https://goo.gl/maps/bfEve4rrn5GFjGkw8,shell,2020-05-15 18:06:15+00,2020-05-18 18:30:44+00
33,BRAX-FEIRA,"RODOVIA BR 324 KM 99 S/N HUMILDES (FEIRA DE SANTANA) 44135000, FEIRA DE SANTANA",7532216181,"há 2 hora(s), 8 minuto(s) e 1 segundo(s)",Feira de Santana,,,,petrobras,2020-05-15 18:06:15+00,2020-05-18 18:28:17+00
35,POSTO TREVO,"RUA VOLUNTARIOS DA PATRIA 402 BARAUNA 44020055, FEIRA DE SANTANA",7530225608,"há 2 hora(s), 8 minuto(s) e 1 segundo(s)",Feira de Santana,-12.2443209,-38.9713259,https://goo.gl/maps/pumToqei31aGUawM7,petrobras,2020-05-15 18:06:15+00,2020-05-18 18:32:12+00
36,POSTO DA PAPA,"RUA PAPA JOAO XXIII 1990 OLHOS D ÁGUA 44003465, FEIRA DE SANTANA",7599820418,"há 2 hora(s), 8 minuto(s) e 1 segundo(s)",Feira de Santana,-12.2753653,-38.9593284,https://goo.gl/maps/ibnvnAmuo4BfdMvM7,outros,2020-05-15 18:06:15+00,2020-05-18 18:35:07+00
37,POSTO JOSE FALCAO,"AVENIDA JOSE FALCAO DA SILVA S/N BARAÚNA 44020122, FEIRA DE SANTANA",7588276163,"há 2 hora(s), 8 minuto(s) e 1 segundo(s)",Feira de Santana,-12.2435246,-38.9659289,https://goo.gl/maps/gP7XJQPRfa6RywEYA,shell,2020-05-15 18:06:15+00,2020-05-18 18:36:13+00
38,POSTO SHALOM,"AVENIDA MARIA QUITERIA 694 EUCALIPTO 44075970, FEIRA DE SANTANA",7532216388,"há 2 hora(s), 8 minuto(s) e 1 segundo(s)",Feira de Santana,-12.2628381,-38.9552717,https://goo.gl/maps/b85FLFAZFek1sv5d9,shell,2020-05-15 18:06:15+00,2020-05-18 18:39:59+00
39,POSTO TREVO,"AVENIDA TRANSNORDESTINA 2.300 PARQUE IPE 44054008, FEIRA DE SANTANA",7532242436,"há 2 hora(s), 8 minuto(s) e 1 segundo(s)",Feira de Santana,-12.2231878,-38.964189,https://goo.gl/maps/qnZo1NErTLNWgEsh9,petrobras,2020-05-15 18:06:15+00,2020-05-18 18:45:03+00
42,POSTO CONCEICAO,"RUA CALAMAR 743 CONCEICAO 44065706, FEIRA DE SANTANA",7536263639,"há 2 hora(s), 8 minuto(s) e 1 segundo(s)",Feira de Santana,-12.2345836,-38.9362782,https://goo.gl/maps/W6gtzuBQpc6391wx5,shell,2020-05-15 18:06:15+00,2020-05-18 18:53:24+00
43,POSTO SENADOR,"RUA SENADOR QUINTINO 1125 OLHOS D ÁGUA 44003541, FEIRA DE SANTANA",7532433792,"há 2 hora(s), 8 minuto(s) e 1 segundo(s)",Feira de Santana,-12.2694536,-38.9602791,https://goo.gl/maps/ZGTFstuS6wyjT5Gg6,outros,2020-05-15 18:06:15+00,2020-05-18 18:55:05+00
44,LM POSTO DE COMBUSTIVEL,"RUA AMARALINA SN PAMPALONA 44031645, FEIRA DE SANTANA",7534852600,"há 2 hora(s), 8 minuto(s) e 1 segundo(s)",Feira de Santana,-12.2226187,-38.9843022,https://goo.gl/maps/LqisWrMLz922n16G7,outros,2020-05-15 18:06:15+00,2020-05-18 19:05:16+00
48,POSTO KALILANDIA,"RUA GERMINIANO COSTA 490 CENTRO 44001120, FEIRA DE SANTANA",7132715277,"há 2 hora(s), 8 minuto(s) e 1 segundo(s)",Feira de Santana,-12.2506709,-38.9614181,https://goo.gl/maps/gAxjvRxG1C8BEnYC6,shell,2020-05-15 18:06:15+00,2020-05-18 19:12:22+00
49,POSTO ORION,"RUA COMENDADOR GOMES 90 TOMBA 44091238, FEIRA DE SANTANA",7532231717,"há 2 hora(s), 8 minuto(s) e 1 segundo(s)",Feira de Santana,-12.2948084,-38.9561529,https://goo.gl/maps/ekTkDpoKTUkrMHYM9,outros,2020-05-15 18:06:15+00,2020-05-18 19:14:38+00
50,POSTO SHANGAY,"RODOVIA BR 324 S/N CENTRO 44001970, FEIRA DE SANTANA",7536147722,"há 2 hora(s), 8 minuto(s) e 1 segundo(s)",Feira de Santana,-12.3147007,-38.8795371,https://goo.gl/maps/ekTkDpoKTUkrMHYM9,petrobras,2020-05-15 18:06:15+00,2020-05-18 19:15:46+00
51,POSTO PARADA DO ENGENHO,"RODOVIA BR 324 KM 600 2780 CENTRO INDUSTRIAL DE ARATU 43700971, SIMÕES FILHO",,"há 2 hora(s), 8 minuto(s) e 1 segundo(s)",Feira de Santana,-12.773097,-38.4200441,https://goo.gl/maps/EEWniWDH9F1cVNPY7,ipiranga,2020-05-15 18:06:15+00,2020-05-18 19:17:28+00
52,Posto Guimarães,"AVENIDA DEPUTADO FRANCISCO JOSE PINTO DOS SANTOS 942 PEDRA DO DESCANSO 44007190, FEIRA DE SANTANA",7530302549,"há 2 hora(s), 8 minuto(s) e 1 segundo(s)",Feira de Santana,-12.2652993,-38.9793403,https://goo.gl/maps/miLm8VQbkzo9wYf5A,outros,2020-05-15 18:06:15+00,2020-05-18 19:20:17+00
53,POSTO PAU DE LEGUA,"RODOVIA BA 502 KM 02 HUMILDES (FEIRA DE SANTANA) 44135000, FEIRA DE SANTANA",7536223666,"há 2 hora(s), 8 minuto(s) e 1 segundo(s)",Feira de Santana,-12.3095762,-38.9618149,https://goo.gl/maps/BjfzSHPQ1XSNx8Hp9,outros,2020-05-15 18:06:15+00,2020-05-18 19:24:31+00
54,POSTO NORDESTE,"PRACA DA REPUBLICA S/N CENTRO 44001784, FEIRA DE SANTANA",7530213030,"há 2 hora(s), 8 minuto(s) e 1 segundo(s)",Feira de Santana,-12.2598066,-38.9679612,https://goo.gl/maps/DNouYXEkJDtiaLrA6,outros,2020-05-15 18:06:15+00,2020-05-18 19:25:43+00
55,POSTO DA NOIDE,"AVENIDA NOIDE FERREIRA DE CERQUEIRA 6791 SIM 44085052, FEIRA DE SANTANA",7536169361,"há 2 hora(s), 8 minuto(s) e 1 segundo(s)",Feira de Santana,-12.2558734,-38.9233293,https://goo.gl/maps/rSg6jr6qHUhdPMm58,ipiranga,2020-05-15 18:06:15+00,2020-05-18 19:28:18+00
56,Posto Andressa,"AVENIDA GOVERNADOR JOAO DURVAL CARNEIRO 3797 CASEB 44052064, FEIRA DE SANTANA",7591156372,"há 2 hora(s), 8 minuto(s) e 1 segundo(s)",Feira de Santana,-12.2380527,-38.9465643,https://goo.gl/maps/e69b9mPyWR715x3B9,ipiranga,2020-05-15 18:06:15+00,2020-05-18 19:33:08+00
57,J MARTINS DERIVADOS DE PETROLEO LTDA,"RUA EDUARDO FROES DA MATA 1197 SANTA MONICA 44078015, FEIRA DE SANTANA",7536251178,"há 2 hora(s), 8 minuto(s) e 1 segundo(s)",Feira de Santana,,,,,2020-05-15 18:06:15+00,2020-05-18 19:37:24+00
58,REDE ATENDBEM,"AVENIDA CANAL 147 CENTRO 44002448, FEIRA DE SANTANA",7536169361,"há 2 hora(s), 8 minuto(s) e 1 segundo(s)",Feira de Santana,-12.2546084,-38.9734062,https://goo.gl/maps/u1jVaUY9ccVkuShL9,ipiranga,2020-05-15 18:06:15+00,2020-05-18 19:39:06+00
59,AUTO POSTO MODELO,"RUA VISCONDE DO RIO BRANCO 18 CENTRO 44002175, FEIRA DE SANTANA",7536233366,"há 2 hora(s), 8 minuto(s) e 1 segundo(s)",Feira de Santana,-12.2547349,-38.9644925,https://goo.gl/maps/14HoLSBdXiYtPxJv7,petrobras,2020-05-15 18:06:16+00,2020-05-18 19:40:15+00
61,POSTO IDEAL,"RUA VISCONDE DO RIO BRANCO 1012 QUEIMADINHA 44050002, FEIRA DE SANTANA",7532216662,"há 2 hora(s), 8 minuto(s) e 1 segundo(s)",Feira de Santana,-12.2461587,-38.9641372,https://goo.gl/maps/rUJsyNssYeQidWwJ6,petrobras,2020-05-15 18:06:16+00,2020-05-18 19:42:47+00
62,POSTO CAJUEIRO,"AVENIDA PRESIDENTE DUTRA- DE 1180 AO FIM - LADO PAR 003300 CAPUCHINHOS 44052000, FEIRA DE SANTANA",7536259322,"há 2 hora(s), 8 minuto(s) e 1 segundo(s)",Feira de Santana,-12.2702249,-38.9400063,https://goo.gl/maps/ZL7gD9TcoU2SU5dp8,petrobras,2020-05-15 18:06:16+00,2020-05-18 19:43:50+00
63,POSTO ARTEMIA,"AVENIDA ARTEMIA PIRES FREITAS S/N SIM 44085370, FEIRA DE SANTANA",7532250745,"há 2 hora(s), 8 minuto(s) e 1 segundo(s)",Feira de Santana,-12.2461463,-38.9091657,https://goo.gl/maps/qqHpyjwW2t1z3C3g8,shell,2020-05-15 18:06:16+00,2020-05-18 19:45:31+00
68,SANTA MARIA - COMERCIAL DE COMBUSTIVEIS LTDA,"RUA PRIMAVERA 362 PAMPALONA 44031090, FEIRA DE SANTANA",7532234040,"há 2 hora(s), 8 minuto(s) e 1 segundo(s)",Feira de Santana,-12.2256509,-38.982011,https://goo.gl/maps/wpKn6GRdsKfa65ge6,outros,2020-05-15 18:06:30+00,2020-05-18 19:57:33+00
69,POSTO JACUIPE,"RUA ARIVALDO DE CARVALHO 000011 SOBRADINHO 44021225, FEIRA DE SANTANA",7532213201,"há 2 hora(s), 8 minuto(s) e 1 segundo(s)",Feira de Santana,-12.2425743,-38.9711869,https://goo.gl/maps/ttPXUE7pQyGUB35k7,outros,2020-05-15 18:06:30+00,2020-05-18 19:58:58+00
70,POSTO 2001,"AVENIDA PRESIDENTE DUTRA - LADO IMPAR 128 CENTRO 44001615, FEIRA DE SANTANA",7532210143,"há 2 hora(s), 8 minuto(s) e 1 segundo(s)",Feira de Santana,-12.2596139,-38.9637025,https://goo.gl/maps/Vn2zn3r3chueNAna9,outros,2020-05-15 18:06:30+00,2020-05-18 20:00:14+00
71,POSTO JOMAFA,"RUA SENADOR QUINTINO 3090 TOMBA 44090001, FEIRA DE SANTANA",7530210261,"há 2 hora(s), 8 minuto(s) e 1 segundo(s)",Feira de Santana,-12.2827148,-38.948275,https://goo.gl/maps/oSvSS2HodH35LK6F8,outros,2020-05-15 18:06:30+00,2020-05-18 20:01:15+00
72,REDE ATENDBEM,"AVENIDA GETULIO VARGAS 2838 PARQ. GETULIO VARGAS 44076684, FEIRA DE SANTANA",7536169361,"há 2 hora(s), 8 minuto(s) e 1 segundo(s)",Feira de Santana,-12.2559673,-38.9385538,https://goo.gl/maps/eQbgaXbvJUs3SCFm6,ipiranga,2020-05-15 18:06:30+00,2020-05-18 20:03:10+00
73,POSTO SERVE BEM 2,"RUA SENADOR QUINTINO 2070 BRASILIA 44088720, FEIRA DE SANTANA",7536038797,"há 2 hora(s), 8 minuto(s) e 1 segundo(s)",Feira de Santana,-12.2755937,-38.9556645,https://goo.gl/maps/T6pkSmPmWSwZyewM9,ipiranga,2020-05-15 18:06:30+00,2020-05-18 20:04:13+00
74,POSTO-CIS TOMBA,"AVENIDA DEPUTADO COLBERT MARTINS DA SILVA S/N TOMBA 44091002, FEIRA DE SANTANA",7536160372,"há 2 hora(s), 8 minuto(s) e 1 segundo(s)",Feira de Santana,-12.2904427,-38.9590637,https://goo.gl/maps/7yuWtdDrfpedDZK17,shell,2020-05-15 18:06:30+00,2020-05-18 20:05:16+00
75,POSTO GASAUTO,"AVENIDA DEPUTADO COLBERT MARTINS DA SILVA 103 TOMBA 44091002, FEIRA DE SANTANA",7599991539,"há 2 hora(s), 8 minuto(s) e 1 segundo(s)",Feira de Santana,-12.2882463,-38.9538011,https://goo.gl/maps/fYVFCAbGp1cuZCK59,shell,2020-05-15 18:06:30+00,2020-05-18 20:06:14+00
76,BRASINHA CENTRO COMERCIO DE COMBUSTIVEIS E PECUARIA LTD,"RUA MONS MARIO PESSOA S/N CENTRO 44010440, FEIRA DE SANTANA",7536029630,"há 2 hora(s), 8 minuto(s) e 1 segundo(s)",Feira de Santana,,,,outros,2020-05-15 18:06:30+00,2020-05-18 20:07:35+00
77,SERV BEM,"RODOVIA BR 324 S/N SEDE 44230000, AMÉLIA RODRIGUES",7541411458,"há 2 hora(s), 8 minuto(s) e 1 segundo(s)",Feira de Santana,,,,outros,2020-05-15 18:06:30+00,2020-05-18 20:09:35+00
1,POSTO SAO GONCALO 4,"RODOVIA BR 324 S/N HUMILDES (FEIRA DE SANTANA) 44135000, FEIRA DE SANTANA",7536831628,"há 2 hora(s), 7 minuto(s) e 46 segundo(s)",Feira de Santana,-12.3421572,-38.8671744,https://goo.gl/maps/EoU8w2M25CF5Re5X8,petrobras,2020-05-15 18:06:14+00,2020-05-18 16:26:53+00
3,POSTO ROSEIRA,"RODOVIA BR 324 S/N LIMOEIRO DO BOM VIVER 44137000, FEIRA DE SANTANA",7536140710,"há 2 hora(s), 8 minuto(s) e 1 segundo(s)",Feira de Santana,-12.3090781,-38.9075504,https://goo.gl/maps/4F8hS96gkSvU7hob7,outros,2020-05-15 18:06:15+00,2020-05-18 16:32:33+00
6,POSTO SAO GONCALO 9,"ESTRADA DO CALUNDU S/N LAGOA SALGADA 44083624, FEIRA DE SANTANA",7530213030,"há 2 hora(s), 8 minuto(s) e 1 segundo(s)",Feira de Santana,-12.27113029,-38.903631,https://goo.gl/maps/2KSeatuaaozdN1Yw9,outros,2020-05-15 18:06:15+00,2020-05-18 16:44:26+00
11,POSTO CIDADE,"RUA ITAUEIRA 444 CASEB 44042240, FEIRA DE SANTANA",7532216181,"há 2 hora(s), 8 minuto(s) e 1 segundo(s)",Feira de Santana,-12.2561045,-38.9332489,https://goo.gl/maps/Hr5AyyCmWH4PVXSY7,shell,2020-05-15 18:06:15+00,2020-05-18 16:59:51+00
12,POSTO TRES MARIAS,"RUA BARTOLOMEU DE GUSMAO 1300 SOBRADINHO 44021205, FEIRA DE SANTANA",7532241155,"há 2 hora(s), 8 minuto(s) e 1 segundo(s)",Feira de Santana,,,,outros,2020-05-15 18:06:15+00,2020-05-18 17:07:15+00
13,POSTO JOAO DURVAL,"RUA DOUTOR ARAUJO PINHO 2030 OLHOS D ÁGUA 44003456, FEIRA DE SANTANA",7132715277,"há 2 hora(s), 8 minuto(s) e 1 segundo(s)",Feira de Santana,-12.2764239,-38.9569958,https://goo.gl/maps/d1Yh85vdCQykRT6B9,shell,2020-05-15 18:06:15+00,2020-05-18 17:09:28+00
14,POSTO GETULIO VARGAS,"AVENIDA GUTULIO VARGAS 1839 CAPUCHINHOS 44050000, FEIRA DE SANTANA",,"há 2 hora(s), 8 minuto(s) e 1 segundo(s)",Feira de Santana,-12.2559569,-38.9472459,https://goo.gl/maps/EP29Nx8r3oE4W3gD9,menor,2020-05-15 18:06:15+00,2020-05-18 17:10:29+00
15,POSTO MARIA QUITERIA,"AVENIDA MARIA QUITERIA 3208 QUEIMADINHA 44050368, FEIRA DE SANTANA",7536124200,"há 2 hora(s), 8 minuto(s) e 1 segundo(s)",Feira de Santana,-12.2399582,-38.9540546,https://goo.gl/maps/tNsftzSdWPj5ZhZy9,menor,2020-05-15 18:06:15+00,2020-05-18 17:11:40+00
16,POSTO TOMBA,"RUA PAPA JOAO XXIII 104 TOMBA 44090652, FEIRA DE SANTANA",7536124200,"há 2 hora(s), 8 minuto(s) e 1 segundo(s)",Feira de Santana,-12.2853038,-38.9580068,https://goo.gl/maps/1LRwShkVGuJPuMvD7,petrobras,2020-05-15 18:06:15+00,2020-05-18 17:14:12+00
17,POSTO IGUATEMI,"AVENIDA JOAO D. CARNEIRO 3600 CORONEL JOSE PINTO 44037010, FEIRA DE SANTANA",,"há 2 hora(s), 8 minuto(s) e 1 segundo(s)",Feira de Santana,-12.2408081,-38.9485748,https://goo.gl/maps/AMGRiw61HBoirhUh7,menor,2020-05-15 18:06:15+00,2020-05-18 17:15:29+00
40,POSTO SHALOM,"AVENIDA EDUARDO FROES DA MOTA 1500 LAGOA GRANDE 44042260, FEIRA DE SANTANA",7536254250,"há 2 hora(s), 8 minuto(s) e 1 segundo(s)",Feira de Santana,-12.2592397,-38.9338867,https://goo.gl/maps/zDkousUMGKKKsmfL6,shell,2020-05-15 18:06:15+00,2020-05-18 18:47:07+00
41,POSTO VISAO,"AVENIDA GOVERNADOR JOAO DURVAL CARNEIRO 2830 CASEB 44052004, FEIRA DE SANTANA",7132715277,"há 2 hora(s), 8 minuto(s) e 1 segundo(s)",Feira de Santana,-12.2486871 ,-38.9482772,https://goo.gl/maps/qJnUsjerSBaTrpPa9,shell,2020-05-15 18:06:15+00,2020-05-18 18:51:41+00
45,Posto Aliança,"RUA LANDULFO ALVES 1141 CENTRO 44001496, FEIRA DE SANTANA",7530223440,"há 2 hora(s), 8 minuto(s) e 1 segundo(s)",Feira de Santana,-12.2361184,-38.9785202,https://goo.gl/maps/7NfU3gNPkEdfQ1d37,outros,2020-05-15 18:06:15+00,2020-05-18 19:07:08+00
46,POSTO TREVO,"AVENIDA AV. PRESIDENTE DUTRA 2325 BRASILIA 44088455, FEIRA DE SANTANA",7536238033,"há 2 hora(s), 8 minuto(s) e 1 segundo(s)",Feira de Santana,-12.2654221,-38.9473393,https://goo.gl/maps/tBd4BcdgEXPUEoGi7,petrobras,2020-05-15 18:06:15+00,2020-05-18 19:08:29+00
47,POSTO CANAL,"RUA JOAO EVANGELISTA 563 CENTRO 44002865, FEIRA DE SANTANA",7532715277,"há 2 hora(s), 8 minuto(s) e 1 segundo(s)",Feira de Santana,-12.2560175,-38.9762617,https://goo.gl/maps/QKkj48UAJQbCom9fA,shell,2020-05-15 18:06:15+00,2020-05-18 19:10:51+00
79,POSTO JP,"AVENIDA FRANCISCO FRAGA MAIA 5280 MANGABEIRA 44056232, FEIRA DE SANTANA",7532244450,"há 2 hora(s), 8 minuto(s) e 1 segundo(s)",Feira de Santana,-12.2205884,-38.9536454,https://goo.gl/maps/ajMizNQqFdW9buHC8,outros,2020-05-15 18:06:30+00,2020-05-18 20:11:43+00
80,POSTO FRAGA MAIA,"AVENIDA FRAGA MAIA 4230 CIDADE NOVA 44053055, FEIRA DE SANTANA",7530230398,"há 2 hora(s), 8 minuto(s) e 1 segundo(s)",Feira de Santana,-12.2285601,-38.955971,https://goo.gl/maps/LTC1f2GUw9iEew327,ipiranga,2020-05-15 18:06:30+00,2020-05-18 20:12:53+00
81,POSTO SANTA FE,"AVENIDA ANTONIO SERGIO CARNEIRO 1210 SANTO ANTONIO DOS PRAZERES 44071270, FEIRA DE SANTANA",7536226721,"há 2 hora(s), 8 minuto(s) e 1 segundo(s)",Feira de Santana,-12.2389556,-38.9226122,https://goo.gl/maps/LTC1f2GUw9iEew327,outros,2020-05-15 18:06:30+00,2020-05-18 20:14:29+00
83,POSTO PRESIDENTE,"AVENIDA PRESIDENTE DUTRA 1199 CAPUCHINHOS 44060000, FEIRA DE SANTANA",7536038797,"há 2 hora(s), 8 minuto(s) e 1 segundo(s)",Feira de Santana,-12.2604377,-38.9544905,https://goo.gl/maps/sVzVugZe2ah2uoR38,petrobras,2020-05-15 18:06:30+00,2020-05-18 20:16:17+00
84,POSTO PAMPALONA,"RUA PRIMAVERA 3690 PAMPALONA 44031090, FEIRA DE SANTANA",07536265535,"há 2 hora(s), 8 minuto(s) e 1 segundo(s)",Feira de Santana,,,,outros,2020-05-15 18:06:30+00,2020-05-18 20:18:00+00
85,POSTO JUBIABA,"AVENIDA DEPUTADO LUIS EDUARDO MAGALHAES S/N SUBAÉ 44079002, FEIRA DE SANTANA",07521023500,"há 2 hora(s), 8 minuto(s) e 1 segundo(s)",Feira de Santana,-12.27939,-38.9220057,https://goo.gl/maps/kvFYch8HUBd5Tq1G8,outros,2020-05-15 18:06:30+00,2020-05-18 20:19:34+00
86,Posto Amazonas,"AVENIDA VISCONDE DO RIO BRANCO 825 CENTRO 44026000, FEIRA DE SANTANA",7532219492,"há 2 hora(s), 8 minuto(s) e 1 segundo(s)",Feira de Santana,-12.2490447,-38.963822,https://goo.gl/maps/P7GGjRaDoQ53G58K6,outros,2020-05-15 18:06:30+00,2020-05-18 20:21:08+00
87,Posto Rodoviaria,"AVENIDA PRESIDENTE DUTRA 574 BRASILIA 44010020, FEIRA DE SANTANA",7532219492,"há 2 hora(s), 8 minuto(s) e 1 segundo(s)",Feira de Santana,-12.2600987,-38.9621477,https://goo.gl/maps/nidmyEvWsLuwZutH9,outros,2020-05-15 18:06:30+00,2020-05-18 20:24:20+00
89,POSTO CAVUNGE,"RUA JURACY MAGALHAES 370 CAVUNGE 44685000, IPECAETÁ",75983224512,"há 2 hora(s), 8 minuto(s) e 1 segundo(s)",Feira de Santana,,,,outros,2020-05-15 18:06:30+00,2020-05-18 20:27:07+00
90,POSTO PAPAGAIO,"RUA DOUTOR VICENTE DOS REIS S/N PAPAGAIO 44059330, FEIRA DE SANTANA",75999456412,"há 2 hora(s), 8 minuto(s) e 1 segundo(s)",Feira de Santana,-12.2046275,-38.9513808,https://goo.gl/maps/8J2SHfbtbYeyyvGE9,outros,2020-05-15 18:06:30+00,2020-05-18 20:28:41+00
91,POSTO MONACO,"RUA TUPINAMBAS 4000 SAO JOAO 44051224, FEIRA DE SANTANA",7530213124,"há 2 hora(s), 8 minuto(s) e 1 segundo(s)",Feira de Santana,-12.2335657,-38.95069,https://goo.gl/maps/xvGjgrHzz1PaBAfe6,shell,2020-05-15 18:06:30+00,2020-05-18 20:29:49+00
92,POSTO CONTERRANEO,"AVENIDA EDUARDO FROES DA MOTTA 1680 QUEIMADINHA 44050024, FEIRA DE SANTANA",7536257973,"há 2 hora(s), 8 minuto(s) e 1 segundo(s)",Feira de Santana,-12.2534709,-38.9341408,https://goo.gl/maps/1Dvd8GMdnp4WNdz59,shell,2020-05-15 18:06:30+00,2020-05-18 20:31:37+00
94,PETROSERRA,"RODOVIA BR 101 S/N HUMILDES (FEIRA DE SANTANA) 44135000, FEIRA DE SANTANA",7521023500,"há 2 hora(s), 8 minuto(s) e 1 segundo(s)",Feira de Santana,,,,outros,2020-05-15 18:07:14+00,2020-05-18 20:35:23+00
95,PETROMASA,"AVENIDA PRESIDENTE DUTRA 428 PILAO 44010020, FEIRA DE SANTANA",7532232599,"há 2 hora(s), 8 minuto(s) e 1 segundo(s)",Feira de Santana,-12.2595037,-38.9635896,https://goo.gl/maps/HJZ436nfnWD36HAW9,outros,2020-05-16 20:18:45+00,2020-05-18 20:36:36+00
60,POSTO ALAMEDA,"AVENIDA GETULIO VARGAS 1751 CAPUCHINHOS 44076015, FEIRA DE SANTANA",7536256444,"há 2 hora(s), 8 minuto(s) e 1 segundo(s)",Feira de Santana,-12.2561263,-38.9510164,https://goo.gl/maps/M7vD2E2LEGnugocV8,petrobras,2020-05-15 18:06:16+00,2020-05-18 19:41:29+00
64,REDE ATENDBEM,"AVENIDA EDUARDO FROES DA MOTA 18658 JARDIM CRUZEIRO 44024066, FEIRA DE SANTANA",7536169361,"há 2 hora(s), 8 minuto(s) e 1 segundo(s)",Feira de Santana,-12.2822714,-38.9769566,https://goo.gl/maps/7DArjhGLp7E2tsCMA,shell,2020-05-15 18:06:16+00,2020-05-18 19:47:45+00
66,POSTO BRX,"AVENIDA SAMPAIO 788 CENTRO 44001472, FEIRA DE SANTANA",7530212719,"há 2 hora(s), 8 minuto(s) e 1 segundo(s)",Feira de Santana,-12.2572778,-38.9599674,https://goo.gl/maps/NkENmgceimq48xnFA,petrobras,2020-05-15 18:06:16+00,2020-05-18 19:51:39+00
65,REDE ATENDBEM,"RUA DOUTOR MACARIO CERQUEIRA 780 MUCHILA 44005000, FEIRA DE SANTANA",7536169361,"há 2 hora(s), 8 minuto(s) e 1 segundo(s)",Feira de Santana,-12.2679935,-38.9709469,https://goo.gl/maps/xpLyBa99fL8Pu4ay8,petrobras,2020-05-15 18:06:16+00,2020-05-18 19:52:36+00
67,POSTO RADIAL,"RODOVIA BR 101 S/N HUMILDES 44135000, FEIRA DE SANTANA",7532241247,"há 2 hora(s), 8 minuto(s) e 1 segundo(s)",Feira de Santana,,,,outros,2020-05-15 18:06:30+00,2020-05-18 19:55:53+00
78,POSTO OASIS,"AVENIDA MARIA QUITERIA 3259 QUEIMADINHA 44038030, FEIRA DE SANTANA",7536248850,"há 2 hora(s), 8 minuto(s) e 1 segundo(s)",Feira de Santana,-12.2393547,-38.9557687,https://goo.gl/maps/f5zyJ3eanDXdcqy68,petrobras,2020-05-15 18:06:30+00,2020-05-18 20:10:49+00
82,POSTO CONTORNO,"AVENIDA EDUARDO FROS DA MOTA 6185 CIDADE NOVA 44053005, FEIRA DE SANTANA",7536038797,"há 2 hora(s), 8 minuto(s) e 1 segundo(s)",Feira de Santana,-12.2308157,-38.9589401,https://goo.gl/maps/PbhyMPpMEystf5JA9,petrobras,2020-05-15 18:06:30+00,2020-05-18 20:15:26+00
88,POSTO POSITIVO,"RUA ROSENDO FIRMINO FERREIRA 63 SIM 44085122, FEIRA DE SANTANA",7536163982,"há 2 hora(s), 8 minuto(s) e 1 segundo(s)",Feira de Santana,-12.2562482,-38.9272218,https://goo.gl/maps/NqnBgdgc96r5TH3F8,ipiranga,2020-05-15 18:06:30+00,2020-05-18 20:25:47+00
93,LSL COMERCIO DE DERIVADOS DE PETROLEO LTDA,"RODOVIA BR 116 KM 424 SN NOVO HORIZONTE 44036331, FEIRA DE SANTANA",7532261488,"há 2 hora(s), 8 minuto(s) e 1 segundo(s)",Feira de Santana,,,,outros,2020-05-15 18:06:30+00,2020-05-18 20:33:19+00
103,RODRIGUES TORRES COMERCIO E DERIVADOS DE PETROLEO LTDA,"AVENIDA FERNANDES DA CUNHA 80 MARES 40410200, SALVADOR",,"há 2 dia(s), 7 hora(s), 20 minuto(s) e 48 segundo(s)",Salvador,-12.9389306,-38.5063047,https://goo.gl/maps/XmaxTGUn6pX48oxU6,menor,2020-05-21 21:31:00+00,2020-05-26 19:37:43+00
104,POSTO TREVO,"AVENIDA GENERAL SAN MARTIN 2317 FAZENDA GRANDE DO RETIRO 40355720, SALVADOR",7133897579,"há 2 dia(s), 7 hora(s), 20 minuto(s) e 48 segundo(s)",Salvador,-12.9399889,-38.4893464,https://goo.gl/maps/2TuhQ8dABzWzSaHX8,petrobras,2020-05-21 21:31:00+00,2020-05-26 19:40:21+00
105,POSTO SUBURBANA,"AVENIDA AFRANIO PEIXOTO 600 LOBATO 40470630, SALVADOR",7132082322,"há 2 dia(s), 7 hora(s), 20 minuto(s) e 48 segundo(s)",Salvador,-12.9360512,-38.4917328,https://goo.gl/maps/4fWrVJBxexqip6h47,menor,2020-05-21 21:31:00+00,2020-05-26 19:42:00+00
106,POSTO BEIRA MAR,"AVENIDA AFRANIO PEIXOTO 5444 PLATAFORMA 40717140, SALVADOR",7133988029,"há 2 dia(s), 7 hora(s), 20 minuto(s) e 48 segundo(s)",Salvador,-12.8973785,-38.4777567,https://goo.gl/maps/Z9aD77zeeAv4UXaE7,outros,2020-05-21 21:31:00+00,2020-05-26 19:44:09+00
107,POSTO LARGO DO TANQUE,"LARGO DO TANQUE 108 LIBERDADE 40368010, SALVADOR",7532230391,"há 2 dia(s), 7 hora(s), 20 minuto(s) e 48 segundo(s)",Salvador,-12.9407134,-38.4927182,https://goo.gl/maps/kjzCTaEJFjxuyyBL9,menor,2020-05-21 21:31:00+00,2020-05-26 19:45:07+00
108,AUTO POSTO SALVADOR,"ESTRADA DAS BARREIRAS 1111 BARREIRAS 41195000, SALVADOR",,"há 2 dia(s), 7 hora(s), 20 minuto(s) e 48 segundo(s)",Salvador,,,https://goo.gl/maps/3wVAVkeCP4E9Z74G7,outros,2020-05-21 21:31:00+00,2020-05-26 19:46:17+00
109,POSTO JAQUEIRA,"RODOVIA BR-324 (SENTIDO FSA) SN CALABETAO 41227410, SALVADOR",7132464700,"há 2 dia(s), 7 hora(s), 20 minuto(s) e 48 segundo(s)",Salvador,-12.929967,-38.4711858,https://goo.gl/maps/1r9mtAZbXQjrf5CQ6,outros,2020-05-21 21:31:00+00,2020-05-26 19:47:42+00
110,POSTO BOA VIAGEM,"AVENIDA AFRANIO PEIXOTO - SUBURBANA 47 PRAIA GRANDE 40720690, SALVADOR",7130457641,"há 2 dia(s), 7 hora(s), 20 minuto(s) e 48 segundo(s)",Salvador,-12.8794729,-38.4799287,https://goo.gl/maps/QTDBmQ22z1yvepu1A,shell,2020-05-21 21:31:00+00,2020-05-26 19:48:44+00
111,POSTO SETTE,"RUA DJALMA DUTRA 141 NAZARE 40240080, SALVADOR",7133220222,"há 2 dia(s), 7 hora(s), 20 minuto(s) e 48 segundo(s)",Salvador,-12.9750878,-38.5024387,https://goo.gl/maps/p3Cc3CiL8H8ovJf3A,petrobras,2020-05-21 21:31:00+00,2020-05-26 19:49:59+00
112,POSTO GAIVOTA,"AVENIDA VASCO DA GAMA 3260 ENGENHO VELHO DA FEDERAÇÃO 40221500, SALVADOR",7121081950,"há 2 dia(s), 7 hora(s), 20 minuto(s) e 48 segundo(s)",Salvador,-12.9954584,-38.4990479,https://goo.gl/maps/WzSYYGhFgtR9TPP36,menor,2020-05-21 21:31:00+00,2020-05-26 19:52:19+00
113,POSTO SAO RAFAEL,"AVENIDA SAO RAFAEL 1200 SAO MARCOS 41253190, SALVADOR",7187939426,"há 2 dia(s), 7 hora(s), 20 minuto(s) e 48 segundo(s)",Salvador,-12.9351497,-38.4250705,https://goo.gl/maps/8msh2nqtqz3hyPdQ7,menor,2020-05-21 21:31:00+00,2020-05-26 19:53:41+00
114,POSTO SAO CRISTOVAO,"AVENIDA OCTAVIO MANGABEIRA SN ITAPUA 41610160, SALVADOR",,"há 2 dia(s), 7 hora(s), 20 minuto(s) e 48 segundo(s)",Salvador,,,,outros,2020-05-21 21:31:00+00,2020-05-26 19:55:10+00
115,POSTO GALES,"RUA DAS PITANGUEIRAS 74 MATATU 40255436, SALVADOR",7185000332,"há 2 dia(s), 7 hora(s), 20 minuto(s) e 48 segundo(s)",Salvador,-12.9782664,-38.5017578,https://goo.gl/maps/c1F5DM2MajvJFLe49,menor,2020-05-21 21:31:00+00,2020-05-26 19:56:24+00
116,POSTO DO CRISTO,"AVENIDA OCEANICA- 1460 ONDINA 40170010, SALVADOR",7132457171,"há 2 dia(s), 7 hora(s), 20 minuto(s) e 48 segundo(s)",Salvador,-13.0081827,-38.5212386,https://goo.gl/maps/K4fEJ9pMgUmJPUjq9,menor,2020-05-21 21:31:00+00,2020-05-26 19:57:48+00
117,POSTO PACATUBA,"AVENIDA MARIO LEAL FERREIRA S/N COSME DE FARIAS 40252390, SALVADOR",7199823130,"há 2 dia(s), 7 hora(s), 20 minuto(s) e 48 segundo(s)",Salvador,,,,outros,2020-05-21 21:31:00+00,2020-05-26 20:01:31+00
118,POSTO SAO JUDAS TADEU,"RUA QUINTAS DOS LAZAROS 193 BAIXA DE QUINTAS 40300315, SALVADOR",7132444866,"há 2 dia(s), 7 hora(s), 20 minuto(s) e 48 segundo(s)",Salvador,-12.9626164,-38.4906958,https://goo.gl/maps/WWX8nCYV3vxJYiye9,outros,2020-05-21 21:31:00+00,2020-05-26 20:02:51+00
119,POSTO AGUAS CLARAS,"RUA DR. JORGE COSTA ANDRADE 264 AGUAS CLARAS 41310260, SALVADOR",7132197663,"há 2 dia(s), 7 hora(s), 20 minuto(s) e 48 segundo(s)",Salvador,-12.8917226,-38.4402617,https://goo.gl/maps/9v5TDqiQKxvPf6Af8,outros,2020-05-21 21:31:00+00,2020-05-26 20:03:46+00
120,POSTO IGUATEMI,"AVENIDA ANTONIO CARLOS MAGALHAES 4541 PARQUE BELA VISTA 40280000, SALVADOR",7130187704,"há 2 dia(s), 7 hora(s), 20 minuto(s) e 48 segundo(s)",Salvador,,,,outros,2020-05-21 21:31:00+00,2020-05-26 20:04:52+00
121,POSTO CANABRAVA,"AVENIDA MARIA LUCIA 1069 AGUAS CLARAS 41310505, SALVADOR",7132137990,"há 2 dia(s), 7 hora(s), 20 minuto(s) e 48 segundo(s)",Salvador,-12.9197146,-38.4325637,https://goo.gl/maps/tD75JdEK98Svsx5r8,outros,2020-05-21 21:31:00+00,2020-05-26 20:06:21+00
122,POSTO SAO CAETANO,"ESTRADA DE CAMPINAS 818 SAO CAETANO 40391161, SALVADOR",7133040058,"há 2 dia(s), 7 hora(s), 20 minuto(s) e 48 segundo(s)",Salvador,-12.9321537,-38.4779173,https://goo.gl/maps/HqAygXMT6eH5ZMj59,outros,2020-05-21 21:31:00+00,2020-05-26 20:07:15+00
123,POSTO NARANDIBA,"AVENIDA EDGARD SANTOS SN NARANDIBA 41192005, SALVADOR",,"há 2 dia(s), 7 hora(s), 20 minuto(s) e 48 segundo(s)",Salvador,,,,outros,2020-05-21 21:31:00+00,2020-05-26 20:07:57+00
125,POSTO MEMORIAL,"AVENIDA GARIBALDI 1291 ONDINA 40170130, SALVADOR",7132451447,"há 2 dia(s), 7 hora(s), 20 minuto(s) e 48 segundo(s)",Salvador,,,,outros,2020-05-21 21:31:00+00,2020-05-26 20:09:34+00
127,POSTO ALAMEDA DA BARRA,"RUA MIGUEL BURNIER 54 BARRA 40140190, SALVADOR",,"há 2 dia(s), 7 hora(s), 20 minuto(s) e 48 segundo(s)",Salvador,-13.0083697,-38.5284857,https://goo.gl/maps/XrVz18gnjQ5CdLNGA,menor,2020-05-21 21:31:00+00,2020-05-26 20:11:57+00
128,POSTO GARIBALDI,"AVENIDA ANITA GARIBALDI 1746 ONDINA 40170130, SALVADOR",7536144200,"há 2 dia(s), 7 hora(s), 20 minuto(s) e 48 segundo(s)",Salvador,-13.0038984,-38.5053091,https://goo.gl/maps/X4UUBUzBtJ8jd79v5,menor,2020-05-21 21:31:00+00,2020-05-26 20:13:00+00
147,POSTO JARDIM DOS NAMORADOS,"AVENIDA OCTAVIO MANGABEIRA 3251 ARMACAO 41750240, SALVADOR",7530244804,"há 2 dia(s), 7 hora(s), 20 minuto(s) e 48 segundo(s)",Salvador,-12.9969254,-38.4449257,https://goo.gl/maps/ogiGrRbTwGg4iLoFA,shell,2020-05-21 21:31:01+00,2020-05-26 17:57:03+00
148,POSTO AEROCLUBE,"AVENIDA OCTAVIO MANGABEIRA 6094 BOCA DO RIO 41706690, SALVADOR",71991999407,"há 2 dia(s), 7 hora(s), 20 minuto(s) e 48 segundo(s)",Salvador,-12.9789329,-38.4268851,https://goo.gl/maps/foTVDENBRagYoUXF9,petrobras,2020-05-21 21:31:01+00,2020-05-26 17:59:12+00
149,POSTO SAN MARTIM,"AVENIDA GENERAL SAN MARTIN 95 IAPI 40323245, SALVADOR",7131924242,"há 2 dia(s), 7 hora(s), 20 minuto(s) e 48 segundo(s)",Salvador,-12.95179951,-38.47856,https://goo.gl/maps/iP2ZnqM5nFAM1Xu97,shell,2020-05-21 21:31:01+00,2020-05-26 18:00:04+00
150,POSTO CAMPINAS,"ESTRADA CAMPINAS PIRAJA 01 CAMPINAS 41270000, SALVADOR",,"há 2 dia(s), 7 hora(s), 20 minuto(s) e 48 segundo(s)",Salvador,-12.9170214,-38.466862,https://goo.gl/maps/vpA6dNuKEzaJF1Vh8,shell,2020-05-21 21:31:01+00,2020-05-26 18:01:08+00
151,POSTO CAMINHO DE AREIA,"AVENIDA CAMINHO DE AREIA 65 CAMINHO DE AREIA 40440360, SALVADOR",7132464700,"há 2 dia(s), 7 hora(s), 20 minuto(s) e 48 segundo(s)",Salvador,-12.9321494,-38.5047002,https://goo.gl/maps/bbLWEaqVh42VQe6G6,outros,2020-05-21 21:31:01+00,2020-05-26 18:02:56+00
152,POSTO BARROS REIS,"AVENIDA BARROS REIS 3132 PAU MIUDO 40310010, SALVADOR",7131924242,"há 2 dia(s), 7 hora(s), 20 minuto(s) e 48 segundo(s)",Salvador,-12.9547422,-38.4754742,https://goo.gl/maps/Fixf678HkM9PNQit6,shell,2020-05-21 21:31:01+00,2020-05-26 18:04:11+00
153,POSTO CAMPINAS,"RODOVIA BR 324 6656 AGUAS CLARAS 41275120, SALVADOR",7132468319,"há 2 dia(s), 7 hora(s), 20 minuto(s) e 48 segundo(s)",Salvador,,,,outros,2020-05-21 21:31:01+00,2020-05-26 18:07:17+00
154,POSTO BOAS VINDAS,"RODOVIA BR-324 (SENTIDO SSA) S/N VALERIA 41300501, SALVADOR",7132464700,"há 2 dia(s), 7 hora(s), 20 minuto(s) e 48 segundo(s)",Salvador,-12.8785379,-38.4338832,https://goo.gl/maps/xkAJ8xn9GzBsddJ57,shell,2020-05-21 21:31:01+00,2020-05-26 18:10:49+00
155,MILLA COMERCIO DE COMBUSTIVEIS LTDA,"AVENIDA ALIOMAR BALEEIRO 370 GRANJAS RURAIS PRESIDENTE VARGAS 41230150, SALVADOR",,"há 2 dia(s), 7 hora(s), 20 minuto(s) e 48 segundo(s)",Salvador,-12.9179319,-38.4623274,https://goo.gl/maps/FdhTurmzPKwGS9c3A,outros,2020-05-21 21:31:01+00,2020-05-26 18:12:38+00
156,POSTO SAO GONCALO 6,"AVENIDA ALIOMAR BALEEIRO 10349 CAJAZEIRAS 41345040, SALVADOR",,"há 2 dia(s), 7 hora(s), 20 minuto(s) e 48 segundo(s)",Salvador,-12.9114809,-38.3917713,https://goo.gl/maps/MhPhEib6vjsC4noF9,petrobras,2020-05-21 21:31:01+00,2020-05-26 18:13:36+00
157,UNIPOSTO,"RUA EURICO TEMPORAL S/N VALERIA 41300140, SALVADOR",,"há 2 dia(s), 7 hora(s), 20 minuto(s) e 48 segundo(s)",Salvador,,,,,2020-05-21 21:31:01+00,2020-05-26 18:15:13+00
129,POSTO UNIVERSITARIO,"AVENIDA CARDEAL DA SILVA 908 FEDERACAO 40231305, SALVADOR",null,"há 2 dia(s), 7 hora(s), 20 minuto(s) e 48 segundo(s)",Salvador,-13.0025999,-38.5013305,https://goo.gl/maps/sy3YinffcFtQ1UmGA,shell,2020-05-21 21:31:00+00,2020-05-26 16:59:36+00
130,POSTO CABULA,"PRACA FRANCISCO MANOEL 19 PERNAMBUES 41100150, SALVADOR",7134313049,"há 2 dia(s), 7 hora(s), 20 minuto(s) e 48 segundo(s)",Salvador,-12.9653033,-38.4733259,https://goo.gl/maps/z2rHohziYtY4fNxG9,petrobras,2020-05-21 21:31:00+00,2020-05-26 17:02:55+00
131,POSTO SAO JORGE,"AVENIDA VASCO DA GAMA 1894 FEDERACAO 40230731, SALVADOR",7133312855,"há 2 dia(s), 7 hora(s), 20 minuto(s) e 48 segundo(s)",Salvador,-12.9889552,-38.5083925,https://goo.gl/maps/69bhCGStZTknRspE7,shell,2020-05-21 21:31:00+00,2020-05-26 17:04:33+00
132,ENTREPOSTO AMARALINA,"AVENIDA AMARALINA 441 AMARALINA 41900020, LAURO DE FREITAS",7133453722,"há 2 dia(s), 7 hora(s), 20 minuto(s) e 48 segundo(s)",Salvador,-13.0134456,-38.4747248,https://goo.gl/maps/rtWdSNS3vPUC3kM27,shell,2020-05-21 21:31:00+00,2020-05-26 17:06:08+00
133,POSTO 4,"AVENIDA ALIOMAR BALEEIRO 963 GRANJAS RURAIS PRESIDENTE VARGAS 41230150, SALVADOR",7132392456,"há 2 dia(s), 7 hora(s), 20 minuto(s) e 48 segundo(s)",Salvador,-12.9175332,-38.4576182,https://goo.gl/maps/gBNiaL2sCpZPaAeu8,petrobras,2020-05-21 21:31:00+00,2020-05-26 17:08:00+00
134,POSTO 4,"AVENIDA CARDEAL AVELAR BRANDAO VILELA 2505 MATA ESCURA 41110000, SALVADOR",7133927974,"há 2 dia(s), 7 hora(s), 20 minuto(s) e 48 segundo(s)",Salvador,-12.9236033,-38.4614011,https://goo.gl/maps/5pdZk5pKiYF7Eszi6,ipiranga,2020-05-21 21:31:00+00,2020-05-26 17:09:57+00
143,POSTO 4,"AVENIDA ALIOMAR BALEEIRO S/N VILA CANARIA 41390710, SALVADOR",7132468537,"há 2 dia(s), 7 hora(s), 20 minuto(s) e 48 segundo(s)",Salvador,-12.9139696,-38.4461377,https://goo.gl/maps/3g7YK15rmyhWMCN78,outros,2020-05-21 21:31:01+00,2020-05-26 17:28:07+00
174,HIPER POSTO,"AVENIDA TANCREDO NEVES 1506 CAMINHO DAS ARVORES 41820020, SALVADOR",7133412188,"há 2 dia(s), 7 hora(s), 20 minuto(s) e 48 segundo(s)",Salvador,-12.9820421,-38.4575289,https://goo.gl/maps/RC9aNE6gN5Ji9aEv5,shell,2020-05-21 21:31:02+00,2020-05-26 18:33:47+00
175,POSTO CAMURUPIM,"AVENIDA OCTAVIO MANGABEIRA 429 PITUBA 41830050, SALVADOR",,"há 2 dia(s), 7 hora(s), 20 minuto(s) e 48 segundo(s)",Salvador,-13.0102978,-38.4673497,https://goo.gl/maps/P7uT371tuitr4GcGA,petrobras,2020-05-21 21:31:02+00,2020-05-26 18:37:40+00
176,WF COMERCIO DE COMBUSTIVEIS E SERVICOS LTDA,"AVENIDA PROFESSOR MANOEL RIBEIRO 1570 STIEP 41770095, SALVADOR",,"há 2 dia(s), 7 hora(s), 20 minuto(s) e 48 segundo(s)",Salvador,-12.9801695,-38.4510742,https://goo.gl/maps/rCu65sAqMeM7UyAn6,outros,2020-05-21 21:31:02+00,2020-05-26 18:38:34+00
177,AUTO POSTO BUDIAO LTDA,"RUA DOUTOR AUGUSTO LOPES PONTES 167 COSTA AZUL 41760035, SALVADOR",,"há 2 dia(s), 7 hora(s), 20 minuto(s) e 48 segundo(s)",Salvador,-12.988467,-38.4489992,https://goo.gl/maps/Jum5b5eqMKbkD5W88,petrobras,2020-05-21 21:31:02+00,2020-05-26 18:39:16+00
178,POSTO IMBUÍ,"AVENIDA JORGE AMADO SN PITUACU 41740140, SALVADOR",,"há 2 dia(s), 7 hora(s), 20 minuto(s) e 48 segundo(s)",Salvador,-12.9682125,-38.4408062,https://goo.gl/maps/jCyNVwhjGkLU6Rts5,shell,2020-05-21 21:31:02+00,2020-05-26 18:44:09+00
179,POSTOS NINA,"LARGO DO PAPAGAIO 31 RIBEIRA 40421630, SALVADOR",,"há 2 dia(s), 7 hora(s), 20 minuto(s) e 48 segundo(s)",Salvador,-12.9236655,-38.5048719,https://goo.gl/maps/g1U5w6HzKAQkP1Fr9,outros,2020-05-21 21:31:02+00,2020-05-26 18:45:25+00
180,POSTO ITAICE,"AVENIDA MARIO LEAL FERREIRA (S AC NORTE) 252 BROTAS 40285600, SALVADOR",7532230391,"há 2 dia(s), 7 hora(s), 20 minuto(s) e 48 segundo(s)",Salvador,-12.9799745,-38.4977076,https://goo.gl/maps/y6EanrbUL7GRfqdQ8,menor,2020-05-21 21:31:02+00,2020-05-26 18:51:14+00
181,POSTO MICRO,"RUA RODRIGO DE MENEZES SN BAIXA DE QUINTAS 40320430, SALVADOR",,"há 2 dia(s), 7 hora(s), 20 minuto(s) e 48 segundo(s)",Salvador,-12.9621843,-38.4904438,https://goo.gl/maps/YHxBDSVyTq528ezN6,outros,2020-05-21 21:31:02+00,2020-05-26 18:52:48+00
182,PELICANO COMBUSTIVEIS E LUBRIFICANTES,"RUA SILVEIRA MARTINS 2912 CABULA 41150000, SALVADOR",0718890143,"há 2 dia(s), 7 hora(s), 20 minuto(s) e 48 segundo(s)",Salvador,-12.9559604,-38.4555806,https://goo.gl/maps/8NFV4Jru9dKqcKxC7,menor,2020-05-21 21:31:02+00,2020-05-26 18:53:59+00
183,POSTO ALBATROZ,"AVENIDA AFRANIO PEIXOTO 2995 LOBATO 40470630, SALVADOR",7138780000,"há 2 dia(s), 7 hora(s), 20 minuto(s) e 48 segundo(s)",Salvador,-12.9178072,-38.4812698,https://goo.gl/maps/FLkBgWXLw5jstjvf6,outros,2020-05-21 21:31:02+00,2020-05-26 18:55:21+00
185,POSTO MATATU,"RUA RIO AMAZONAS 44 VILA LAURA 40270060, SALVADOR",7132230391,"há 2 dia(s), 7 hora(s), 20 minuto(s) e 48 segundo(s)",Salvador,-12.9722587,-38.4942844,https://goo.gl/maps/jLSP32XUYaHsGVtb7,menor,2020-05-21 21:31:02+00,2020-05-26 18:59:14+00
186,M-54 COMERCIO DE COMBUSTIVEIS LTDA,"AVENIDA GENARO DE CARVALHO S/N CASTELO BRANCO 41320100, SALVADOR",7196849123,"há 2 dia(s), 7 hora(s), 20 minuto(s) e 48 segundo(s)",Salvador,-12.9062689,-38.4495657,https://goo.gl/maps/HVuqqwvw2VFZCnncA,outros,2020-05-21 21:31:02+00,2020-05-26 19:00:44+00
187,P4,"AVENIDA VALE DOS BARRIS 88 BARRIS 40070055, SALVADOR",71996849123,"há 2 dia(s), 7 hora(s), 20 minuto(s) e 48 segundo(s)",Salvador,-12.9883081,-38.5137942,https://goo.gl/maps/GpcjcJ4Fvkz5CgLP8,outros,2020-05-21 21:31:02+00,2020-05-26 19:02:10+00
188,POSTO ESPORTIVO,"AVENIDA DOM JOAO VI 731 BROTAS 40285001, SALVADOR",71996849123,"há 2 dia(s), 7 hora(s), 20 minuto(s) e 48 segundo(s)",Salvador,,,,outros,2020-05-21 21:31:02+00,2020-05-26 19:03:26+00
189,AUTO POSTO MERIDIONAL,"RUA FERNANDES VIEIRA 54 CALCADA 40411560, SALVADOR",7133125679,"há 2 dia(s), 7 hora(s), 20 minuto(s) e 48 segundo(s)",Salvador,-12.9436519,-38.5002189,https://goo.gl/maps/5zbquBRLueGueu8k9,ipiranga,2020-05-21 21:31:02+00,2020-05-26 19:04:26+00
135,POSTO DE COMBUSTÍVEIS SETE PORTAS,"RUA DJALMA DUTRA 159 SETE PORTAS 40255000, SALVADOR",null,"há 2 dia(s), 7 hora(s), 20 minuto(s) e 48 segundo(s)",Salvador,-12.9713311,-38.4991344,https://goo.gl/maps/gyhCxPNQeH3neBDY8,outros,2020-05-21 21:31:00+00,2020-05-26 17:11:23+00
136,POSTO APACHE,"RUA GENARO DE CARVALHO 200 CASTELO BRANCO 41320100, SALVADOR",7139010601,"há 2 dia(s), 7 hora(s), 20 minuto(s) e 48 segundo(s)",Salvador,-12.9075432,-38.4435349,https://goo.gl/maps/v2YqfrGHjUPoUyHw5,outros,2020-05-21 21:31:00+00,2020-05-26 17:13:40+00
137,POSTO JAGUARIBE,"AVENIDA OTAVIO MANGABEIRA 8880 PITUACU 41740000, SALVADOR",7133635373,"há 2 dia(s), 7 hora(s), 20 minuto(s) e 48 segundo(s)",Salvador,-12.963068,-38.4020319,https://goo.gl/maps/TkvKaZweqAnnetUw9,petrobras,2020-05-21 21:31:00+00,2020-05-26 17:14:44+00
138,POSTO 4,"ESTRADA CAMPINAS DE PIRAJA S/N CAMPINAS 41270515, SALVADOR",7133927195,"há 2 dia(s), 7 hora(s), 20 minuto(s) e 48 segundo(s)",Salvador,,,,outros,2020-05-21 21:31:00+00,2020-05-26 17:17:21+00
139,POSTO DE GASOLINA FELICI,"AVENIDA PRESIDENTE CASTELO BRANCO SN SAUDE 40045050, SALVADOR",7132439708,"há 2 dia(s), 7 hora(s), 20 minuto(s) e 48 segundo(s)",Salvador,-12.9724908,-38.5067666,https://goo.gl/maps/dGDypGzk1EoQjJz79,petrobras,2020-05-21 21:31:00+00,2020-05-26 17:19:17+00
140,POSTO TRANSICAO,"AVENIDA BARROS REIS 2930 ARRAIAL DO RETIRO 41204025, SALVADOR",null,"há 2 dia(s), 7 hora(s), 20 minuto(s) e 48 segundo(s)",Salvador,-12.9560463,-38.4768996,https://goo.gl/maps/tMM2xLDijwHLm4FY6,ipiranga,2020-05-21 21:31:00+00,2020-05-26 17:21:56+00
141,POSTO IPANEMA,"AVENIDA AFRANIO PEIXOTO 14 LOBATO 40470630, SALVADOR",null,"há 2 dia(s), 7 hora(s), 20 minuto(s) e 48 segundo(s)",Salvador,-12.936066,-38.4940619,https://goo.gl/maps/uSSeveXSjjYRCQMK7,outros,2020-05-21 21:31:01+00,2020-05-26 17:24:25+00
142,POSTO TREVO,"AVENIDA OCTAVIO MANGABEIRA 9487 PATAMARES 41680000, SALVADOR",null,"há 2 dia(s), 7 hora(s), 20 minuto(s) e 48 segundo(s)",Salvador,-12.9626656,-38.4011771,https://goo.gl/maps/qkFVf9hsEZN7Rjez7,petrobras,2020-05-21 21:31:01+00,2020-05-26 17:26:36+00
144,POSTO VEREDAS,"AVENIDA OCTAVIO MANGABEIRA 10731 JAGUARIBE 41613034, SALVADOR",null,"há 2 dia(s), 7 hora(s), 20 minuto(s) e 48 segundo(s)",Salvador,-12.9570968,-38.3925769,https://goo.gl/maps/7KyUet82z173VztM9,shell,2020-05-21 21:31:01+00,2020-05-26 17:29:06+00
145,SODIC SOCIEDADE REVENDEDORA DE COMBUSTIVEIS LTDA,"RODOVIA BA 528 ESTRADA DA BASE NAVAL DE ARATU 4814 ESTRADA DA BASE NAVAL 40810010, SALVADOR",,"há 2 dia(s), 7 hora(s), 20 minuto(s) e 48 segundo(s)",Salvador,,,,outros,2020-05-21 21:31:01+00,2020-05-26 17:31:13+00
146,POSTO NOVO HORIZONTE,"AVENIDA LUIS VIANA 4804 PARALELA 41730101, SALVADOR",,"há 2 dia(s), 7 hora(s), 20 minuto(s) e 48 segundo(s)",Salvador,-12.9602872,-38.4358794,https://goo.gl/maps/WHH4JPMKPiaXW7bq9,petrobras,2020-05-21 21:31:01+00,2020-05-26 17:34:18+00
158,POSTO GAMELEIRA II,"RODOVIA BR-324 (SENTIDO SSA) - LADO DIREITO KM 9,5 km9,5 PIRAJA 41290550, SALVADOR",,"há 2 dia(s), 7 hora(s), 20 minuto(s) e 48 segundo(s)",Salvador,,,,,2020-05-21 21:31:01+00,2020-05-26 18:16:20+00
159,R I COMERCIO COMBUSTIVEL LTDA,"AVENIDA ULYSSES GUIMARAES 1454 SUSSUARANA 41213000, SALVADOR",,"há 2 dia(s), 7 hora(s), 20 minuto(s) e 48 segundo(s)",Salvador,-12.9335894,-38.4469732,https://goo.gl/maps/xhMPCMbhAzy7ujSD7,shell,2020-05-21 21:31:01+00,2020-05-26 18:17:20+00
160,C 3 COMERCIO DE COMBUSTIVEL,"AVENIDA ANTONIO CARLOS MAGALHAES 2949 PARQUE BELA VISTA 40280000, SALVADOR",,"há 2 dia(s), 7 hora(s), 20 minuto(s) e 48 segundo(s)",Salvador,-12.9887907,-38.4710499,https://goo.gl/maps/YhZuv2cJMTNpdAbC6,shell,2020-05-21 21:31:01+00,2020-05-26 18:18:19+00
161,POSTO MATA ESCURA,"AVENIDA CARDEAL AVELAR BRANDAO VILLELA 286 MATA ESCURA 41219600, SALVADOR",,"há 2 dia(s), 7 hora(s), 20 minuto(s) e 48 segundo(s)",Salvador,-12.9385968,-38.4551977,https://goo.gl/maps/yqAfp3hvUyC9Ctma8,petrobras,2020-05-21 21:31:01+00,2020-05-26 18:19:19+00
162,POSTO ESCOLA BR,"RUA EDISTIO PONDE 474 STIEP 41770395, SALVADOR",,"há 2 dia(s), 7 hora(s), 20 minuto(s) e 48 segundo(s)",Salvador,-12.9821568,-38.4505022,https://goo.gl/maps/a5Xvoc49Uakv99YT8,petrobras,2020-05-21 21:31:01+00,2020-05-26 18:20:27+00
163,POSTO BARBALHO,"LADEIRA DO ARCO 88 BARBALHO 40301146, SALVADOR",,"há 2 dia(s), 7 hora(s), 20 minuto(s) e 48 segundo(s)",Salvador,-12.9674052,-38.5025279,https://goo.gl/maps/42kyHUBhhDavhuPc9,petrobras,2020-05-21 21:31:01+00,2020-05-26 18:21:16+00
164,POSTO TROBOGY,"AVENIDA ALIOMAR BALEEIRO 6880 NOVA BRASILIA 41350275, SALVADOR",,"há 2 dia(s), 7 hora(s), 20 minuto(s) e 48 segundo(s)",Salvador,-12.9192437,-38.4107161,https://goo.gl/maps/j2WBVgFKzkBLbJrU7,petrobras,2020-05-21 21:31:01+00,2020-05-26 18:22:30+00
165,POSTO BONOCO,"AVENIDA MARIO LEAL FERREIRA (S AC NORTE) 509 BROTAS 40285600, SALVADOR",,"há 2 dia(s), 7 hora(s), 20 minuto(s) e 48 segundo(s)",Salvador,-12.9808284,-38.4960926,https://goo.gl/maps/nXy7fiKo4tXrWXpi9,petrobras,2020-05-21 21:31:01+00,2020-05-26 18:23:22+00
166,POSTO SUL AMERICA,"AVENIDA CAMINHO DE AREIA 142 CAMINHO DE AREIA 40440360, SALVADOR",07133128081,"há 2 dia(s), 7 hora(s), 20 minuto(s) e 48 segundo(s)",Salvador,-12.930222,-38.5045526,https://goo.gl/maps/s2idsRfpA5HJCxGA6,petrobras,2020-05-21 21:31:01+00,2020-05-26 18:24:47+00
167,POSTO SAO GONCALO 5,"AVENIDA JEQUITAIA 50 AGUA DE MENINOS 40460120, SALVADOR",,"há 2 dia(s), 7 hora(s), 20 minuto(s) e 48 segundo(s)",Salvador,-12.9659972,-38.5079136,https://goo.gl/maps/z4RNn8GEkmcea9bS9,petrobras,2020-05-21 21:31:01+00,2020-05-26 18:25:52+00
168,POSTO ALPHAVILLE,"AVENIDA LUIS VIANA FILHO 8050 PARALELA 41730101, SALVADOR",,"há 2 dia(s), 7 hora(s), 20 minuto(s) e 48 segundo(s)",Salvador,-12.9377721,-38.3979906,https://goo.gl/maps/6ojL5KAcu9KYH2oQ9,petrobras,2020-05-21 21:31:01+00,2020-05-26 18:26:32+00
169,ACF COMERCIO E SERVICOS LTDA,"RODOVIA BA 528 S/N PARIPE 40810010, SALVADOR",,"há 2 dia(s), 7 hora(s), 20 minuto(s) e 48 segundo(s)",Salvador,,,,outros,2020-05-21 21:31:01+00,2020-05-26 18:27:06+00
170,POSTO SANAVE,"AVENIDA MARIO LEAL FERREIRA 920 BROTAS 40285600, SALVADOR",,"há 2 dia(s), 7 hora(s), 20 minuto(s) e 48 segundo(s)",Salvador,-12.9837254,-38.4949423,https://goo.gl/maps/S8d6bE1MGqDKNRG1A,petrobras,2020-05-21 21:31:01+00,2020-05-26 18:28:52+00
171,POSTO PERNAMBUES COMBUSTIVEIS,"RUA TOMAZ GONZAGA 246 PERNAMBUES 41100000, SALVADOR",,"há 2 dia(s), 7 hora(s), 20 minuto(s) e 48 segundo(s)",Salvador,-12.9664609,-38.4631507,https://goo.gl/maps/Srn4oHw9GJKa3Pjj7,shell,2020-05-21 21:31:01+00,2020-05-26 18:29:57+00
172,POSTO SOL BARROS REIS,"AVENIDA BARROS REIS 1223 ARRAIAL DO RETIRO 40310010, SALVADOR",,"há 2 dia(s), 7 hora(s), 20 minuto(s) e 48 segundo(s)",Salvador,-12.9588229,-38.4777776,https://goo.gl/maps/RQkLjxjZdgpdmicy9,shell,2020-05-21 21:31:02+00,2020-05-26 18:31:32+00
173,COMERCIAL DE COMBUSTIVEIS CIDADE JARDIM LTDA,"AVENIDA JURACY MAGALHAES JUNIOR 2575 HORTO FLORESTAL 40295140, SALVADOR",,"há 2 dia(s), 7 hora(s), 20 minuto(s) e 48 segundo(s)",Salvador,-12.9959358,-38.4774617,https://goo.gl/maps/X2tCPa6euR5fP7ybA,petrobras,2020-05-21 21:31:02+00,2020-05-26 18:32:14+00
184,MIRAMAR COMERCIO DE COMBUSTIVEIS LTDA,"RUA ABELARDO ANDRADE DE CARVALHO 351 BOCA DO RIO 41706710, SALVADOR",7130621007,"há 2 dia(s), 7 hora(s), 20 minuto(s) e 48 segundo(s)",Salvador,-12.9784046,-38.4307597,https://goo.gl/maps/1rVVmzp1orYXewH18,outros,2020-05-21 21:31:02+00,2020-05-26 18:56:51+00
190,MICRO POSTO RIO VERMELHO,"PRACA COLOMBO SN RIO VERMELHO 41940396, SALVADOR",,"há 2 dia(s), 7 hora(s), 20 minuto(s) e 48 segundo(s)",Salvador,-12.9639187,-38.4920981,https://goo.gl/maps/wKoCzQg5ToaA9Z298,outros,2020-05-21 21:31:03+00,2020-05-26 19:06:13+00
191,POSTO DJALMA DUTRA,"RUA DJALMA DUTRA 119 SETE PORTAS 40255000, SALVADOR",,"há 2 dia(s), 7 hora(s), 20 minuto(s) e 48 segundo(s)",Salvador,-12.9713311,-38.4991344,https://goo.gl/maps/sYRFq7WgZ3dSMVSs5,outros,2020-05-21 21:31:03+00,2020-05-26 19:07:36+00
192,POSTO ZEUS,"AVENIDA GENERAL GRACA LESSA 1226 ACUPE DE BROTAS 40290500, SALVADOR",7130335103,"há 2 dia(s), 7 hora(s), 20 minuto(s) e 48 segundo(s)",Salvador,-12.9850811,-38.4989429,https://goo.gl/maps/s2F54zzmeg8S3DFC7,ipiranga,2020-05-21 21:31:03+00,2020-05-26 19:08:29+00
193,POSTO VASCO DA GAMA,"AVENIDA VASCO DA GAMA 484 BROTAS 40286000, SALVADOR",7532230391,"há 2 dia(s), 7 hora(s), 20 minuto(s) e 48 segundo(s)",Salvador,-12.9904763,-38.5037816,https://goo.gl/maps/LbK8SnVPVyfTCd9F6,menor,2020-05-21 21:31:03+00,2020-05-26 19:09:39+00
194,POSTO MIRANGA,"AVENIDA BONFIM 180 BONFIM 40415000, SALVADOR",7188703478,"há 2 dia(s), 7 hora(s), 20 minuto(s) e 48 segundo(s)",Salvador,-12.9280561,-38.5099891,https://goo.gl/maps/SpteAzFKnaimD5r59,menor,2020-05-21 21:31:03+00,2020-05-26 19:10:26+00
195,POSTO SISSI,"RUA TEIXEIRA MENDES 02 ALTO DAS POMBAS 40226590, SALVADOR",,"há 2 dia(s), 7 hora(s), 20 minuto(s) e 48 segundo(s)",Salvador,-12.9983177,-38.5135338,https://goo.gl/maps/XYwiq8BefT7FA3KD7,ipiranga,2020-05-21 21:31:03+00,2020-05-26 19:11:39+00
196,POSTO SAO RAFAEL,"AVENIDA SAO RAFAEL 2267 SAO MARCOS 41253190, SALVADOR",7133813747,"há 2 dia(s), 7 hora(s), 20 minuto(s) e 48 segundo(s)",Salvador,-12.9284761,-38.4335825,https://goo.gl/maps/SYSFkJcMzLM95TDP7,outros,2020-05-21 21:31:04+00,2020-05-26 19:12:26+00
197,POSTO SHELL PARALELA,"AVENIDA LUIS VIANA 7419 PARALELA 41730101, SALVADOR",,"há 2 dia(s), 7 hora(s), 20 minuto(s) e 48 segundo(s)",Salvador,-12.9370116,-38.4063061,https://goo.gl/maps/ZEkpjwU4gnjUy94D9,shell,2020-05-21 21:31:04+00,2020-05-26 19:13:14+00
198,POSTO SHELL PARALELA III,"AVENIDA LUIS VIANA 2078 IMBUI 41720200, SALVADOR",,"há 2 dia(s), 7 hora(s), 20 minuto(s) e 48 segundo(s)",Salvador,-12.9675577,-38.4435323,https://goo.gl/maps/JLtWr3fH1HN1Gorf8,shell,2020-05-21 21:31:04+00,2020-05-26 19:14:58+00
199,POSTO VALE DO OGUNJA,"AVENIDA GENERAL GRACA LESSA 362 ACUPE DE BROTAS 40290500, SALVADOR",,"há 2 dia(s), 7 hora(s), 20 minuto(s) e 48 segundo(s)",Salvador,-12.993085,-38.4968093,https://goo.gl/maps/fNCG1uZY5qYb1M1SA,shell,2020-05-21 21:31:04+00,2020-05-26 19:16:20+00
96,POSTO VIA PARQUE EIRELI,"RUA SAO SALVADOR 1380 35º BI 44094060, FEIRA DE SANTANA",,"há 2 dia(s), 7 hora(s), 20 minuto(s) e 48 segundo(s)",Feira de Santana,-12.285162,-38.9468568,https://goo.gl/maps/9Xp2RDBkGYMt6bUi6,shell,2020-05-21 15:38:32+00,2020-05-26 19:18:05+00
97,EXTRELA TRANSPORTADOR REVENDEDOR RETALHISTA,"AVENIDA BARROS REIS 634 BARROS REIS 40310010, SALVADOR",7130348600,"há 2 dia(s), 7 hora(s), 20 minuto(s) e 48 segundo(s)",Salvador,-12.9598989,-38.4782023,https://goo.gl/maps/YJPK6GKZ8yMz9PsK8,shell,2020-05-21 21:31:00+00,2020-05-26 19:26:01+00
98,CAVALO MARINHO COMBUSTIVEIS,"RUA DR ALTINO TEIXEIRA 845 PORTO SECO PIRAJA 41233010, SALVADOR",7121013200,"há 2 dia(s), 7 hora(s), 20 minuto(s) e 48 segundo(s)",Salvador,,,,outros,2020-05-21 21:31:00+00,2020-05-26 19:27:53+00
99,POSTO PONTO ALTO,"RODOVIA BR 324 S/N AGUAS CLARAS 41310600, SALVADOR",7132230391,"há 2 dia(s), 7 hora(s), 20 minuto(s) e 48 segundo(s)",Salvador,-12.8787239,-38.4330885,https://goo.gl/maps/K9b2cHieyytR4dGs9,shell,2020-05-21 21:31:00+00,2020-05-26 19:29:17+00
100,POSTO DOIS DE JULHO,"LADEIRA DO PAIVA 404 CAIXA DAGUA 40320710, SALVADOR",,"há 2 dia(s), 7 hora(s), 20 minuto(s) e 48 segundo(s)",Salvador,-12.9598578,-38.4948208,https://goo.gl/maps/dHgbDvj5LGCq7LXx5,outros,2020-05-21 21:31:00+00,2020-05-26 19:30:25+00
101,POSTO SUBURBANA,"AVENIDA SUBURBANA S/N ITACARANHA 40713586, SALVADOR",7133983003,"há 2 dia(s), 7 hora(s), 20 minuto(s) e 48 segundo(s)",Salvador,,,,outros,2020-05-21 21:31:00+00,2020-05-26 19:31:48+00
102,POSTO SAN MARTIN,"AVENIDA SAN MARTINS S/N SAN MARTIN 40360010, SALVADOR",,"há 2 dia(s), 7 hora(s), 20 minuto(s) e 48 segundo(s)",Salvador,-12.9456306,-38.4857999,https://goo.gl/maps/y4br194a5z2nNewZA,menor,2020-05-21 21:31:00+00,2020-05-26 19:33:14+00
124,POSTO CAJAZEIRAS,"ESTRADA DO MATADOURO 1544 AGUAS CLARAS 41311262, SALVADOR",,"há 2 dia(s), 7 hora(s), 20 minuto(s) e 48 segundo(s)",Salvador,,,,outros,2020-05-21 21:31:00+00,2020-05-26 20:08:47+00
126,POSTO TAMARINEIRO,"PRACA CONSELHEIRO JOAO ALFREDO S/N CAIXA D AGUA 40320350, SALVADOR",,"há 2 dia(s), 7 hora(s), 20 minuto(s) e 48 segundo(s)",Salvador,-12.9587436,-38.4894545,https://goo.gl/maps/vEnS8KvwJxMpc5Kp6,outros,2020-05-21 21:31:00+00,2020-05-26 20:11:08+00
200,null,"null null null null, FEIRA DE SANTANA",null,"há 2 hora(s), 15 minuto(s) e 27 segundo(s)",Feira de Santana,,,,,2020-05-28 00:11:56+00,2020-05-28 00:11:56+00
202,POSTO MODERNO,"AVENIDA ESTADOS UNIDOS S/N COMERCIO 40010020, SALVADOR",7133812224,"há 11 hora(s), 56 minuto(s) e 56 segundo(s)",Salvador,-12.967523,-38.5116679,https://goo.gl/maps/8m8uogSbxFtxWRSf6,outros,2020-05-28 16:20:50+00,2020-06-03 17:05:34+00
203,POSTO LAPINHA,"LARGO LAPINHA 48 LAPINHA 40325220, SALVADOR",7132424685,"há 11 hora(s), 56 minuto(s) e 56 segundo(s)",Salvador,-12.9562603,-38.5016142,https://goo.gl/maps/fT4hZMrLk6kZHawz6,petrobras,2020-05-28 16:20:50+00,2020-06-03 17:06:45+00
204,POSTO BONFIM,"AVENIDA OTAVIO MANGABEIRA 14926 ITAPUA 41610160, SALVADOR",7132858210,"há 11 hora(s), 56 minuto(s) e 56 segundo(s)",Salvador,,,,outros,2020-05-28 16:20:50+00,2020-06-03 17:09:27+00
205,POSTO PARALELA II,"AVENIDA LUIZ VIANA FILHO 10841 SAO CRISTOVAO 41500420, SALVADOR",,"há 11 hora(s), 56 minuto(s) e 56 segundo(s)",Salvador,,,,outros,2020-05-28 16:20:51+00,2020-06-03 17:13:22+00
207,POSTO AGUA DE MENINOS,"RUA JULIO PAIXAO S/N AGUA DE MENINOS 40460000, SALVADOR",7133269714,"há 11 hora(s), 56 minuto(s) e 56 segundo(s)",Salvador,-12.9573798,-38.5019596,https://goo.gl/maps/Uw2YfCwCVk3SJcnn6,shell,2020-05-28 16:20:51+00,2020-06-03 17:18:22+00
208,POSTO SAO LAZARO,"RUA NILO PECANHA 113 CALCADA 40411380, SALVADOR",7133154006,"há 11 hora(s), 56 minuto(s) e 56 segundo(s)",Salvador,-12.9450706,-38.4971768,https://goo.gl/maps/UfQjuEyzBYmYWcNb6,ipiranga,2020-05-28 16:20:51+00,2020-06-03 17:19:28+00
210,POSTO FLAMINGO,"AVENIDA PROFESSOR MANOEL RIBEIRO 861 STIEP 41770095, SALVADOR",7130152813,"há 11 hora(s), 56 minuto(s) e 56 segundo(s)",Salvador,-12.981384,-38.4434842,https://goo.gl/maps/pheUmcZQLRawEarw8,petrobras,2020-05-28 16:20:51+00,2020-06-03 17:23:29+00
211,POSTO PONTO NOVO,"AVENIDA LUIS VIANA 385 PERNAMBUES 41130530, SALVADOR",71992961918,"há 11 hora(s), 56 minuto(s) e 56 segundo(s)",Salvador,-12.9749866,-38.4538415,https://goo.gl/maps/eSQuTdUgZRKtSEE67,petrobras,2020-05-28 16:20:51+00,2020-06-03 17:25:31+00
212,POSTO ALBALONGA,"AVENIDA VASCO DA GAMA 3.883 FEDERACAO 40230731, SALVADOR",7133301538,"há 11 hora(s), 56 minuto(s) e 56 segundo(s)",Salvador,-12.9979729,-38.4941132,https://goo.gl/maps/qFXdSEqgM4msCGUNA,shell,2020-05-28 16:20:51+00,2020-06-03 17:27:25+00
214,ABO POSTO DE ABAST. E SERV. LTDA,"ESTRADA DO COQUEIRO GRANDE 2003 CAJAZEIRAS 41342315, SALVADOR",,"há 11 hora(s), 56 minuto(s) e 56 segundo(s)",Salvador,-12.9025975,-38.4051163,https://goo.gl/maps/KfksKtnL7PJGRGqw6,petrobras,2020-05-28 16:20:51+00,2020-06-03 17:31:42+00
215,POSTO SENHOR DO BONFIM,"AVENIDA BARROS REIS - LADO PAR 2938 ARRAIAL DO RETIRO 41204025, SALVADOR",7132332648,"há 11 hora(s), 56 minuto(s) e 56 segundo(s)",Salvador,-12.9544585,-38.4719823,https://goo.gl/maps/3ECQRwfrCSLZntgLA,petrobras,2020-05-28 16:20:51+00,2020-06-03 17:34:03+00
216,POSTO INDEPENDENCIA,"LADEIRA DA INDEPENDENCIA 173 NAZARE 40040340, SALVADOR",,"há 11 hora(s), 56 minuto(s) e 56 segundo(s)",Salvador,-12.9784518,-38.5092939,https://goo.gl/maps/wQti9ZuiCZFFw1jG8,ipiranga,2020-05-28 16:20:51+00,2020-06-03 17:35:29+00
218,POSTO MARINA,"AVENIDA REITOR MIGUEL CALMON 2240 CANELA 40110100, SALVADOR",7133360613,"há 11 hora(s), 56 minuto(s) e 56 segundo(s)",Salvador,-12.9909519,-38.5235532,https://goo.gl/maps/8zry4y2gQmccU1mN7,petrobras,2020-05-28 16:20:52+00,2020-06-03 17:39:08+00
219,PLUS BRASIL,"AVENIDA GENERAL SAN MARTIN 1387 FAZENDA GRANDE DO RETIRO 40354185, SALVADOR",,"há 11 hora(s), 56 minuto(s) e 56 segundo(s)",Salvador,,,,outros,2020-05-28 16:20:52+00,2020-06-03 17:40:41+00
220,EUROPOSTO,"AVENIDA REITOR MIGUEL CALMOM 455 CANELA 40110100, SALVADOR",7130229671,"há 11 hora(s), 56 minuto(s) e 56 segundo(s)",Salvador,-12.9951215,-38.5124794,https://goo.gl/maps/gAcSMraDy357iwXz9,petrobras,2020-05-28 16:20:52+00,2020-06-03 17:42:06+00
222,JSM COMBUSTIVEIS LTDA,"AVENIDA LUIS EDUARDO MAGALHAES 3091 CABULA 41150595, SALVADOR",7135554111,"há 11 hora(s), 56 minuto(s) e 56 segundo(s)",Salvador,-12.9555192,-38.4710074,https://goo.gl/maps/vvPdbMTwVsxdAxqx5,shell,2020-05-28 16:20:52+00,2020-06-03 17:44:14+00
223,BR CATEGORIA,"AVENIDA PROFESSOR PINTO DE AGUIAR 650 PITUACU 41740090, SALVADOR",,"há 11 hora(s), 56 minuto(s) e 56 segundo(s)",Salvador,-12.9603314,-38.4086779,https://goo.gl/maps/RqsgH346jMFMwufX7,petrobras,2020-05-28 16:20:52+00,2020-06-03 17:45:02+00
224,POSTO NOVO HORIZONTE LTDA,"AVENIDA LUIZ VIANA FILHO 3073 PARALELA 41730900, SALVADOR",,"há 11 hora(s), 56 minuto(s) e 56 segundo(s)",Salvador,-12.9601356,-38.4337107,https://goo.gl/maps/R8Sx6V48k4GettWm9,petrobras,2020-05-28 16:20:52+00,2020-06-03 17:46:38+00
226,POSTO AVENIDA I,"AVENIDA AFRANIO PEIXOTO 28 PERIPERI 40720270, SALVADOR",,"há 11 hora(s), 56 minuto(s) e 56 segundo(s)",Salvador,,,,outros,2020-05-28 20:27:29+00,2020-06-03 17:50:43+00
227,SERVBEM ITAIGARA,"AVENIDA ANTONIO CARLOS MAGALHAES 1298 ITAIGARA 41825000, SALVADOR",,"há 11 hora(s), 56 minuto(s) e 56 segundo(s)",Salvador,,,,outros,2020-05-28 20:27:29+00,2020-06-03 17:51:11+00
237,POSTO NEVES,"RUA SILVEIRA MARTINS 433 CABULA 41150000, SALVADOR",null,"há 9 hora(s), 54 minuto(s) e 42 segundo(s)",Salvador,,,,,2020-06-02 01:22:56+00,2020-06-02 01:22:56+00
244,WL,"AVENIDA ULYSSES GUIMARAES 4538 SUSSUARANA 41213000, SALVADOR",null,"há 10 hora(s), 2 minuto(s) e 44 segundo(s)",Salvador,,,,,2020-06-02 01:22:57+00,2020-06-02 01:22:57+00
201,POSTO JOAO DURVAL,"AVENIDA GOVERNADOR JOAO DURVAL CARNEIRO 92 BRASILIA 44088714, FEIRA DE SANTANA",7536124200,"há 11 hora(s), 56 minuto(s) e 56 segundo(s)",Feira de Santana,-12.2118121,-38.9365542,https://goo.gl/maps/Fgk4NERypWrb5QRJA,outros,2020-05-28 12:11:54+00,2020-06-03 16:59:44+00
206,POSTO JEQUITAIA,"AVENIDA FREDERICO PONTES- 107 AGUA DE MENINOS 40460000, SALVADOR",7132417474,"há 11 hora(s), 56 minuto(s) e 56 segundo(s)",Salvador,-12.9622407,-38.5069251,https://goo.gl/maps/ELtmG7yFCSAdDtM68,shell,2020-05-28 16:20:51+00,2020-06-03 17:16:33+00
209,AUTO POSTO VELA BRANCA,"AVENIDA SIMON BOLIVAR 438 ARMACAO 41750230, SALVADOR",7133131262,"há 11 hora(s), 56 minuto(s) e 56 segundo(s)",Salvador,-12.9840341,-38.4380035,https://goo.gl/maps/9gpmjhvQ8XkNGVAB7,petrobras,2020-05-28 16:20:51+00,2020-06-03 17:21:13+00
213,"MMF COMBUSTIVEIS, LUBRIFICANTES E SERVICOS LTDA","AVENIDA BARROS REIS 1681 PAU MIUDO 40310010, SALVADOR",7130180505,"há 11 hora(s), 56 minuto(s) e 56 segundo(s)",Salvador,,,,outros,2020-05-28 16:20:51+00,2020-06-03 17:29:26+00
217,POSTO CHAMINE,"RUA MARQUES DE MONTE SANTO 299 RIO VERMELHO 41940330, SALVADOR",7130152796,"há 11 hora(s), 56 minuto(s) e 56 segundo(s)",Salvador,-13.0129269,-38.4837467,https://goo.gl/maps/32XXuszvVBSgaCiv9,shell,2020-05-28 16:20:52+00,2020-06-03 17:36:53+00
221,POSTO SHELL PARALELA II,"AVENIDA LUIS VIANA 2489 PERNAMBUES 41130530, SALVADOR",7133628579,"há 11 hora(s), 56 minuto(s) e 56 segundo(s)",Salvador,-12.9650373,-38.4369036,https://goo.gl/maps/A3Gr2CMR1uFkc22N6,shell,2020-05-28 16:20:52+00,2020-06-03 17:43:08+00
225,POSTO SETE PORTAS,"RUA CONEGO PEREIRA 108 MACAUBAS 40302270, SALVADOR",,"há 11 hora(s), 56 minuto(s) e 56 segundo(s)",Salvador,-12.9698743,-38.4989581,https://goo.gl/maps/uFmAsnPZPNxfmbhw5,shell,2020-05-28 20:27:29+00,2020-06-03 17:48:42+00
228,POSTO UNICOM,"RUA LELLIS PIEDADE 28 RIBEIRA 40420190, SALVADOR",,"há 11 hora(s), 56 minuto(s) e 56 segundo(s)",Salvador,-12.917084,-38.4985195,https://goo.gl/maps/SX7PBfNmKm9Xh5vr7,petrobras,2020-05-28 20:27:29+00,2020-06-03 17:53:42+00
229,POSTO ALIANCA,"RUA MUNDO NOVO 1428 SANTA CRUZ 41925175, SALVADOR",,"há 11 hora(s), 56 minuto(s) e 56 segundo(s)",Salvador,-13.0038748,-38.4845334,https://goo.gl/maps/79ovYwJtz9ut71TFA,shell,2020-05-28 21:17:48+00,2020-06-03 17:54:21+00
230,REDE DE POSTOS TIC,"RODOVIA BR 324 1120 CABULA 41150170, SALVADOR",,"há 11 hora(s), 56 minuto(s) e 56 segundo(s)",Salvador,-12.9591615,-38.4744642,https://goo.gl/maps/ZTsz2yovLYL6xLR3A,shell,2020-05-28 21:17:48+00,2020-06-03 17:55:08+00
231,POSTO MATARIPE 01,"AVENIDA MARIO LEAL FERREIRA 2230 BROTAS 40285600, SALVADOR",,"há 11 hora(s), 56 minuto(s) e 56 segundo(s)",Salvador,-12.9830508,-38.4842281,https://goo.gl/maps/W28BnXteUmdvuaqb8,petrobras,2020-05-28 21:17:48+00,2020-06-03 17:55:52+00
232,POSTO PORTAL DE SALVADOR,"AVENIDA ANTONIO CARLOS MAGALHAES 4322 PITUBA 41800700, SALVADOR",,"há 11 hora(s), 56 minuto(s) e 56 segundo(s)",Salvador,-12.9787163,-38.4693765,https://goo.gl/maps/AB3r3J6Bcnomtkag8,petrobras,2020-05-28 21:17:48+00,2020-06-03 17:56:35+00
233,POSTO METRO E EXPRESS PNEUS,"AVENIDA ANTONIO CARLOS MAGALHAES 5863 SANTA TERESA 40265200, SALVADOR",,"há 11 hora(s), 56 minuto(s) e 56 segundo(s)",Salvador,-12.9731122,-38.4780733,https://goo.gl/maps/JNrtXaxWgAHYBcPM6,ipiranga,2020-05-28 21:17:48+00,2020-06-03 17:58:15+00
234,JAGUA COMBUSTIVEL,"AVENIDA PROFESSOR MAGALHAES NETO 1304 PITUBA 41810012, SALVADOR",,"há 11 hora(s), 56 minuto(s) e 56 segundo(s)",Salvador,-12.9885441,-38.4517163,https://goo.gl/maps/6jeWQSGrGjbH5oWp6,shell,2020-05-28 21:17:48+00,2020-06-03 18:00:02+00
235,PITUBA DERIVADOS DE PETROLEO LTDA,"AVENIDA OCTAVIO MANGABEIRA 1283 PITUBA 41830050, SALVADOR",7132401618,"há 11 hora(s), 56 minuto(s) e 56 segundo(s)",Salvador,-13.005118,-38.4541435,https://goo.gl/maps/55hYaQceekhg5zaQ9,shell,2020-05-28 21:17:48+00,2020-06-03 18:01:24+00
238,JSM COMBUSTIVEIS E CONVENIENCIAS,"RUA SILVEIRA MARTINS 3197 CABULA 41150000, SALVADOR",7135554111,"há 11 hora(s), 56 minuto(s) e 56 segundo(s)",Salvador,-12.9577113,-38.4559429,https://goo.gl/maps/v5tutGApopWtCFt16,petrobras,2020-06-02 01:22:56+00,2020-06-03 18:04:23+00
239,RC7 COMERCIO DE COMBUSTIVEIS LTDA,"RUA ENGENHEIRO JOAO PIMENTA BASTOS 260 BARBALHO 40301050, SALVADOR",7130132429,"há 11 hora(s), 56 minuto(s) e 56 segundo(s)",Salvador,-12.9642885,-38.5037085,https://goo.gl/maps/QRqUtNuMvdvRh2aYA,shell,2020-06-02 01:22:57+00,2020-06-03 18:07:45+00
236,POSTO GASAUTO NOIDE,"AVENIDA NOIDE FERREIRA DE CERQUEIRA 4301 LAGOA SALGADA 44082225, FEIRA DE SANTANA",,"há 11 hora(s), 56 minuto(s) e 56 segundo(s)",Feira de Santana,-12.2564101,-38.9292371,https://goo.gl/maps/gHNqKyDeKqPeK7de9,shell,2020-05-30 00:21:55+00,2020-06-03 18:05:44+00
240,ECOPOSTOS - COMBUSTIVEIS E SERVICOS LTDA,"RUA DA GRACA 120 GRACA 40150450, SALVADOR",7133364345,"há 11 hora(s), 56 minuto(s) e 56 segundo(s)",Salvador,-12.9972037,-38.5268343,https://goo.gl/maps/GVqfa4JcTAsqi79o8,petrobras,2020-06-02 01:22:57+00,2020-06-03 18:08:45+00
241,POSTO RIO VERMELHO,"RUA OSWALDO CRUZ 819 RIO VERMELHO 41940000, SALVADOR",,"há 11 hora(s), 56 minuto(s) e 56 segundo(s)",Salvador,-13.0121778,-38.4830719,https://goo.gl/maps/be1LsYNtYaWPuuyR8,shell,2020-06-02 01:22:57+00,2020-06-03 18:09:29+00
242,POSTO GAMELEIRA SUBURBANA,"AVENIDA AFRANIO PEIXOTO 7000 ITACARANHA 40713580, SALVADOR",7130360891,"há 11 hora(s), 56 minuto(s) e 56 segundo(s)",Salvador,-12.8884345,-38.4828195,https://goo.gl/maps/3BLS5Av5FoB3noPL9,outros,2020-06-02 01:22:57+00,2020-06-03 18:10:35+00
245,W L POSTO CENTENARIO,"AVENIDA CENTENARIO 2726 CHAME-CHAME 40155150, SALVADOR",,"há 11 hora(s), 56 minuto(s) e 56 segundo(s)",Salvador,-13.0045569,-38.5258416,https://goo.gl/maps/cTKUNHaj7kEDDufU6,shell,2020-06-02 01:22:57+00,2020-06-03 18:12:42+00
246,POSTO NOTA 10 OXALA DA BAHIA,"AVENIDA VASCO DA GAMA 4838 ENGENHO VELHO DE BROTAS 40240090, SALVADOR",,"há 11 hora(s), 56 minuto(s) e 56 segundo(s)",Salvador,-13.0065511,-38.4951062,https://goo.gl/maps/aVAniBSaUj1T9gB36,petrobras,2020-06-02 01:22:57+00,2020-06-03 18:13:22+00
247,POSTO BERNARDO,"AVENIDA ALIOMAR BALEEIRO 1629 JARDIM CAJAZEIRAS 41230455, SALVADOR",,"há 11 hora(s), 56 minuto(s) e 56 segundo(s)",Salvador,-12.9121346,-38.4507313,https://goo.gl/maps/ThweZ6TJhv5iuRpb7,outros,2020-06-02 01:25:41+00,2020-06-03 18:14:23+00
249,PANDA COMBUSTIVEIS,"AVENIDA JEQUITAIA 80 AGUA DE MENINOS 40460120, SALVADOR",,"há 11 hora(s), 56 minuto(s) e 56 segundo(s)",Salvador,-12.9572671,-38.5026881,https://goo.gl/maps/CJiVjJ12P3xnQhD37,shell,2020-06-02 12:46:47+00,2020-06-03 18:16:18+00
251,POSTO CASAGRANDE,"RUA FREDERICO COSTA 07 BOA VISTA DE BROTAS 40255350, SALVADOR",,"há 11 hora(s), 56 minuto(s) e 56 segundo(s)",Salvador,-12.9785395,-38.5019795,https://goo.gl/maps/xUXjRp6GdqU75VyM7,shell,2020-06-03 12:47:07+00,2020-06-03 18:17:23+00
252,POSTO GRAÇA,"RUA DA GRACA 06 GRACA 40150450, SALVADOR",,"há 11 hora(s), 56 minuto(s) e 56 segundo(s)",Salvador,-12.9965522,-38.5292018,https://goo.gl/maps/fpak8qDbkBkUaA9A7,petrobras,2020-06-03 12:47:07+00,2020-06-03 18:18:49+00
253,POSTO APACHE,"AVENIDA PRESIDENTE COSTA E SILVA SN TORORO 40050115, SALVADOR",7199199940,"há 11 hora(s), 56 minuto(s) e 56 segundo(s)",Salvador,-12.9823604,-38.5037365,https://goo.gl/maps/TstFyMGMQQXe2y9U6,petrobras,2020-06-03 12:47:08+00,2020-06-03 18:20:44+00
243,POSTO DOIS LEOES,"RUA CONEGO PEREIRA 796 MATATU 40255195, SALVADOR",,"há 11 hora(s), 56 minuto(s) e 56 segundo(s)",Salvador,-12.9667482,-38.4953263,https://goo.gl/maps/QRVmFZ8MjWTag6Ei8,petrobras,2020-06-02 01:22:57+00,2020-06-03 18:11:21+00
248,MARIA CAFE,"AVENIDA OCTAVIO MANGABEIRA 7253 BOCA DO RIO 41706690, SALVADOR",,"há 11 hora(s), 56 minuto(s) e 56 segundo(s)",Salvador,-12.9747174,-38.4200295,https://goo.gl/maps/HTB5C4aqAuRzPVu4A,shell,2020-06-02 01:25:41+00,2020-06-03 18:15:13+00
250,POSTO CHAME CHAME,"RUA COMENDADOR FRANCISCO PEDREIRA 131 CHAME CHAME 40157520, SALVADOR",,"há 11 hora(s), 56 minuto(s) e 56 segundo(s)",Salvador,-13.0029832,-38.521847,https://goo.gl/maps/ZKgdiR6XPt2pUhAg7,shell,2020-06-02 12:46:50+00,2020-06-03 18:18:13+00
254,M-30,"RUA LIMA E SILVA 428 LIBERDADE 40375016, SALVADOR",null,"há 2 hora(s), 14 minuto(s) e 30 segundo(s)",Salvador,,,,,2020-06-04 00:46:49+00,2020-06-04 00:46:49+00
265,POSTO SOL COSTA AZUL,"AVENIDA ARTHUR DE AZEVEDO MACHADO 1443 COSTA AZUL 41760000, SALVADOR",null,"há 2 hora(s), 22 minuto(s) e 19 segundo(s)",Salvador,,,,,2020-06-05 00:46:52+00,2020-06-05 00:46:52+00
266,POSTO RE II,"RUA LEOPOLDO AZEVEDO DA SILVA SN ILICURITIBA 44245000, CRUZ DAS ALMAS",null,"há 11 hora(s), 26 minuto(s) e 19 segundo(s)",Conceição do Jacuípe,,,,,2020-06-05 03:05:33+00,2020-06-05 03:05:33+00
267,POSTO CAMELO,"AVENIDA DEPUTADO LUIZ EDUARDO MAGALHAES S/N AREAL 44230000, AMÉLIA RODRIGUES",null,"há 3 hora(s), 8 minuto(s) e 11 segundo(s)",Conceição do Jacuípe,,,,,2020-06-05 03:05:33+00,2020-06-05 03:05:33+00
268,POSTO MACRO,"RODOVIA BR 324 9272 PIRAJA 41290550, SALVADOR",null,"há 2 hora(s), 37 minuto(s) e 29 segundo(s)",Conceição do Jacuípe,,,,,2020-06-05 03:05:33+00,2020-06-05 03:05:33+00
269,POSTO TREVO,"RODOVIA BR 101 S/N SEDE 44280000, TEODORO SAMPAIO",null,"há 2 hora(s), 39 minuto(s) e 58 segundo(s)",Conceição do Jacuípe,,,,,2020-06-05 03:05:33+00,2020-06-05 03:05:33+00
270,POSTO 2 S,"RODOVIA BR 101 S/N HUMILDES 44245000, CONCEIÇÃO DO JACUÍPE",null,"há 2 hora(s), 33 minuto(s) e 22 segundo(s)",Conceição do Jacuípe,,,,,2020-06-05 03:05:33+00,2020-06-05 03:05:33+00
271,POSTO COQUEIRO,"RODOVIA BR 101 KM 173 S/N HUMILDES (FEIRA DE SANTANA) 44135000, FEIRA DE SANTANA",null,"há 2 hora(s), 55 minuto(s) e 32 segundo(s)",Conceição do Jacuípe,,,,,2020-06-05 03:05:33+00,2020-06-05 03:05:33+00
272,POSTO SAO LUIZ,"RODOVIA RODOVIA BR 324, KM 537 S/N SAO LUIZ 44230000, AMÉLIA RODRIGUES",null,"há 4 hora(s), 24 minuto(s) e 37 segundo(s)",Conceição do Jacuípe,,,,,2020-06-05 03:05:33+00,2020-06-05 03:05:33+00
273,LSL COMERCIO DE DERIVADOS DE PETROLEO LTDA,"RODOVIA BR 101 KM 165 SN RODOVIA 44245000, CONCEIÇÃO DO JACUÍPE",null,"há 7 hora(s), 43 minuto(s) e 55 segundo(s)",Conceição do Jacuípe,,,,,2020-06-05 03:05:33+00,2020-06-05 03:05:33+00
274,POSTO JACUIPE,"AVENIDA GETULIO VARGAS S/N CENTRO 44245000, CONCEIÇÃO DO JACUÍPE",null,"há 2 dia(s), 13 hora(s), 19 minuto(s) e 41 segundo(s)",Conceição do Jacuípe,,,,,2020-06-05 03:05:33+00,2020-06-05 03:05:33+00
275,POSTO BERIMBAU II,"PRACA BENJAMIM COSTA 33 CENTRO 44245000, CONCEIÇÃO DO JACUÍPE",null,"há 3 hora(s), 13 minuto(s) e 41 segundo(s)",Conceição do Jacuípe,,,,,2020-06-05 03:05:33+00,2020-06-05 03:05:33+00
276,COMERCIAL DE COMBUSTIVEIS MARTINS,"RUA JOSE EULINO DE OLIVEIRA S/N SEDE 44250000, CORAÇÃO DE MARIA",null,"há 4 hora(s), 1 minuto(s) e 32 segundo(s)",Conceição do Jacuípe,,,,,2020-06-05 03:05:33+00,2020-06-05 03:05:33+00
277,POSTO AVE MARIA,"RUA SANTO ANTONIO S/N CENTRO 44250000, CORAÇÃO DE MARIA",null,"há 5 hora(s), 39 minuto(s) e 28 segundo(s)",Conceição do Jacuípe,,,,,2020-06-05 03:05:33+00,2020-06-05 03:05:33+00
278,POSTO ELITE,"RODOVIA BR 101, KM 171 S/N SEDE 44245000, CONCEIÇÃO DO JACUÍPE",null,"há 2 hora(s), 33 minuto(s) e 17 segundo(s)",Conceição do Jacuípe,,,,,2020-06-05 03:05:33+00,2020-06-05 03:05:33+00
279,POSTO SAO LUIZ 2,"AVENIDA DEPUTADO LUIZ EDUARDO MAGALHAES 1023 CENTRO 44230000, AMÉLIA RODRIGUES",null,"há 5 hora(s), 7 minuto(s) e 47 segundo(s)",Conceição do Jacuípe,,,,,2020-06-05 03:05:33+00,2020-06-05 03:05:33+00
280,POSTO SAO SEBASTIAO,"AVENIDA ERNANI DE OLIVEIRA ROCHA 928 HUMILDES 43850000, SÃO SEBASTIÃO DO PASSÉ",null,"há 9 hora(s), 54 minuto(s) e 23 segundo(s)",Conceição do Jacuípe,,,,,2020-06-05 03:05:33+00,2020-06-05 03:05:33+00
281,POSTO EUCALIPTO,"RODOVIA BR 101 S/N SEDE 44245000, CONCEIÇÃO DO JACUÍPE",null,"há 3 hora(s), 6 minuto(s) e 34 segundo(s)",Conceição do Jacuípe,,,,,2020-06-05 03:05:33+00,2020-06-05 03:05:33+00
282,CIDADE AUTO POSTO,"RODOVIA BR 515 S/N CENTRO 44280000, TEODORO SAMPAIO",null,"há 7 hora(s), 59 minuto(s) e 43 segundo(s)",Conceição do Jacuípe,,,,,2020-06-05 03:05:34+00,2020-06-05 03:05:34+00
283,DUBAI COMERCIO DE DERIVADOS DE PETROLEO LTDA,"AVENIDA DEPUTADO LUIZ EDUARDO MAGALHAES 1672 BELA VISTA 44230000, AMÉLIA RODRIGUES",null,"há 5 hora(s), 26 minuto(s) e 2 segundo(s)",Conceição do Jacuípe,,,,,2020-06-05 03:05:34+00,2020-06-05 03:05:34+00
291,POSTOS LM,"AVENIDA GETULIO VARGAS 337 SANTO ESTEVAO 44190000, SANTO ESTÊVÃO",7532451880,"há 5 hora(s), 15 minuto(s) e 45 segundo(s)",Santo Estêvão,-12.4326214,-39.2510481,https://goo.gl/maps/KVEQxXQJ4VYARWFCA,shell,2020-06-05 00:31:18+00,2020-06-29 17:11:46+00
296,POSTO SANTA BARBARA,"RUA PRINCIPAL 360 CAPOEIRUCU 44300000, CACHOEIRA",7532452960,"há 7 hora(s), 27 minuto(s) e 54 segundo(s)",São Gonçalo dos Campos,-12.437809,-39.2537362,https://goo.gl/maps/2LJzwodm88cfUyzb6,outros,2020-06-04 23:04:29+00,2020-06-29 17:20:04+00
297,POSTO AUTO CAMINHO DAS ARVORES,"RODOVIA BA 502 S/N CENTRO 44320000, CONCEIÇÃO DA FEIRA",null,"há 5 hora(s), 38 minuto(s) e 14 segundo(s)",São Gonçalo dos Campos,,,,,2020-06-05 05:04:29+00,2020-06-05 05:04:29+00
298,POSTO FELICIDADE,"ESTRADA BA 501 S/N CEDRO 44330000, SÃO GONÇALO DOS CAMPOS",null,"há 6 hora(s), 2 minuto(s) e 28 segundo(s)",São Gonçalo dos Campos,,,,,2020-06-05 05:04:29+00,2020-06-05 05:04:29+00
299,POSTO CONCEICAO,"RUA JARDIM DO NORTE 250 CENTRO 44320000, CONCEIÇÃO DA FEIRA",null,"há 6 hora(s), 4 minuto(s) e 49 segundo(s)",São Gonçalo dos Campos,,,,,2020-06-05 05:04:29+00,2020-06-05 05:04:29+00
300,POSTO PONTILHAO,"RUA DA PAVUNA 72 CENTRO 44330000, SÃO GONÇALO DOS CAMPOS",null,"há 6 hora(s), 11 minuto(s) e 6 segundo(s)",São Gonçalo dos Campos,,,,,2020-06-05 05:04:29+00,2020-06-05 05:04:29+00
301,POSTO JACARE,"RODOVIA BA 502 SN POVOADO JACARE 44330000, SÃO GONÇALO DOS CAMPOS",null,"há 6 hora(s), 16 minuto(s) e 54 segundo(s)",São Gonçalo dos Campos,,,,,2020-06-05 05:04:29+00,2020-06-05 05:04:29+00
302,POSTO CHICKEN,"RODOVIA BA 502 S/N PINHEIRO 44320000, CONCEIÇÃO DA FEIRA",null,"há 7 hora(s), 3 minuto(s) e 49 segundo(s)",São Gonçalo dos Campos,,,,,2020-06-05 05:04:29+00,2020-06-05 05:04:29+00
303,POSTO CORCEL,"PRACA MARECHAL DEODORO DA FONSECA SN CENTRO 44320000, CONCEIÇÃO DA FEIRA",null,"há 7 hora(s), 10 minuto(s) e 28 segundo(s)",São Gonçalo dos Campos,,,,,2020-06-05 05:04:29+00,2020-06-05 05:04:29+00
304,POSTO TALISMA,"RODOVIA BA 502 S/N FEIRA/CONCEICAO 44330000, SÃO GONÇALO DOS CAMPOS",null,"há 12 hora(s), 12 minuto(s) e 7 segundo(s)",São Gonçalo dos Campos,,,,,2020-06-05 05:04:30+00,2020-06-05 05:04:30+00
305,POSTO AVENIDA,"AVENIDA JOSE CARLOS DE LACERDA S/N CENTRO 44330000, SÃO GONÇALO DOS CAMPOS",null,"há 13 hora(s), 52 minuto(s) e 51 segundo(s)",São Gonçalo dos Campos,,,,,2020-06-05 05:04:30+00,2020-06-05 05:04:30+00
307,D&B COMERCIAL,"AVENIDA PROFESSOR PINTO DE AGUIAR 2100 PITUACU 41740090, SALVADOR",null,"há 2 hora(s), 33 minuto(s) e 56 segundo(s)",Salvador,,,,,2020-06-08 00:46:47+00,2020-06-08 00:46:47+00
308,POSTO MARINA DE COMBUSTIVEIS,"AVENIDA LAFAYETE COUTINHO 03 COMERCIO 40015160, SALVADOR",null,"há 4 hora(s), 22 minuto(s) e 19 segundo(s)",Salvador,,,,,2020-06-08 00:56:48+00,2020-06-08 00:56:48+00
310,MEGA POSTO BERIMBAU,"AVENIDA ANITA GARIBALDI 1651 FEDERACAO 40210750, SALVADOR",null,"há 2 hora(s), 29 minuto(s) e 38 segundo(s)",Salvador,,,,,2020-06-11 00:41:57+00,2020-06-11 00:41:57+00
311,HIPERPOSTO,"AVENIDA ANTONIO CARLOS MAGALHAES 3174 PITUBA 41800700, SALVADOR",null,"há 3 hora(s), 57 minuto(s) e 27 segundo(s)",Salvador,,,,,2020-06-11 00:46:48+00,2020-06-11 00:46:48+00
312,POSTO DIQUE,"AVENIDA VASCO DA GAMA 833 ENGENHO VELHO DE BROTAS 40240090, SALVADOR",null,"há 4 hora(s), 41 minuto(s) e 53 segundo(s)",Salvador,,,,,2020-06-11 00:46:48+00,2020-06-11 00:46:48+00
313,AUTO POSTO CENTENÁRIO,"AVENIDA CENTENARIO 328 CHAME-CHAME 40157151, SALVADOR",null,"há 2 hora(s), 45 minuto(s) e 41 segundo(s)",Salvador,,,,,2020-06-11 00:46:48+00,2020-06-11 00:46:48+00
314,GASON LINE,"AVENIDA HEITOR DIAS 735 PAU MIUDO 40315518, SALVADOR",null,"há 4 hora(s), 13 minuto(s) e 47 segundo(s)",Salvador,,,,,2020-06-11 00:46:48+00,2020-06-11 00:46:48+00
315,POSTO SAVEIRO,"RUA PORTO DOS TAINHEIROS 10 RIBEIRA 40421580, SALVADOR",null,"há 7 hora(s), 13 minuto(s) e 44 segundo(s)",Salvador,,,,,2020-06-11 00:56:50+00,2020-06-11 00:56:50+00
317,POSTO PIATA,"AVENIDA AVENIDA OCTAVIO MANGABEIRA S/N JARDIM PLACAFORD 41612040, SALVADOR",null,"há 2 hora(s), 7 minuto(s) e 37 segundo(s)",Salvador,,,,,2020-06-19 10:46:48+00,2020-06-19 10:46:48+00
306,DANPETRO.,"RUA TAPIRAI 300 HUMILDES (FEIRA DE SANTANA) 44135000, FEIRA DE SANTANA",null,"há 11 hora(s), 15 minuto(s) e 17 segundo(s)",Feira de Santana,,,,outros,2020-06-07 00:05:36+00,2020-06-25 19:57:25+00
318,POSTO HORTO FLORESTAL,"AVENIDA SANTA LUZIA 1137 HORTO FLORESTAL 40295050, SALVADOR",null,"há 11 hora(s), 51 minuto(s) e 0 segundo(s)",Salvador,,,,,2020-06-27 10:16:51+00,2020-06-27 10:16:51+00
255,POSTO ESTRELA DO NORDESTE,"RODOVIA BR 101 KM 808 S/N SANTO ANTONIO DO MONTE 45836000, ITAMARAJU",null,"há 11 hora(s), 15 minuto(s) e 17 segundo(s)",Itamaraju,-17.035181,-39.5398706,https://goo.gl/maps/mwV96eB5KxootU1G7,outros,2020-06-04 16:21:44+00,2020-06-29 16:15:54+00
256,POSTO CORUJAO,"RODOVIA BR 101, KM 814 S/N CENTRO 45836000, ITAMARAJU",null,"há 11 hora(s), 15 minuto(s) e 17 segundo(s)",Itamaraju,-17.0631724,-39.5559881,https://goo.gl/maps/w9Ag2ywuBL9fpXhR6,outros,2020-06-04 16:21:44+00,2020-06-29 16:15:57+00
257,POSTO SERRAL,"RODOVIA BR 101, KM 806 S/N SEDE 45836000, ITAMARAJU",7130457641,"há 11 hora(s), 15 minuto(s) e 17 segundo(s)",Itamaraju,-17.0012184,-39.5509815,https://goo.gl/maps/T2jWvRLSGkxkwa6j7,shell,2020-06-04 16:21:44+00,2020-06-29 16:15:59+00
258,POSTO VIP,"AVENIDA PERIMETRAL 1450 JAQUEIRA 45836000, ITAMARAJU",7332941401,"há 11 hora(s), 15 minuto(s) e 17 segundo(s)",Itamaraju,-17.0468877,-39.5281222,https://goo.gl/maps/LHrjL1ujgMkTspz78,outros,2020-06-04 16:21:44+00,2020-06-29 16:16:01+00
259,POSTO REAL CENTER,"AVENIDA PERIMENRAL 348 CENTRO 45836000, ITAMARAJU",7332945687,"há 11 hora(s), 15 minuto(s) e 17 segundo(s)",Itamaraju,-17.0370041,-39.529496,https://goo.gl/maps/xWcDtS8r5F8Tpnin7,outros,2020-06-04 16:21:44+00,2020-06-29 16:16:03+00
25,POSTO MUCHILA,"RUA DOUTOR MACARIO CERQUEIRA S/N MUCHILA 44005000, FEIRA DE SANTANA",7132715277,"há 2 hora(s), 8 minuto(s) e 1 segundo(s)",Feira de Santana,-12.2693731,-38.9725095,https://goo.gl/maps/gGyEpDmYnPKM98n56,shell,2020-05-15 12:06:15+00,2020-06-29 16:16:21+00
260,POSTO AVENIDA,"AVENIDA ANTONIO C. MAGALHAES 138 CENTRO 45836000, ITAMARAJU",7332943181,"há 2 hora(s), 25 minuto(s) e 6 segundo(s)",Itamaraju,-17.031636,-39.5352056,https://goo.gl/maps/JKi4Kqptkqce81Sq7,shell,2020-06-04 19:21:44+00,2020-06-29 16:17:42+00
261,AUTO POSTO CIDADE,"AVENIDA BRASIL 528 CENTRO 45836000, ITAMARAJU",73998228448,"há 2 hora(s), 39 minuto(s) e 50 segundo(s)",Itamaraju,-17.0405566,-39.5340788,https://goo.gl/maps/4t2G1JkW75kNhP9d9,petrobras,2020-06-04 19:21:44+00,2020-06-29 16:18:48+00
262,POSTO LIBERDADE,"RUA LIBERDADE 772 LIBERDADE 45836000, ITAMARAJU",,"há 2 hora(s), 31 minuto(s) e 18 segundo(s)",Itamaraju,-17.056743,-39.5125105,https://goo.gl/maps/95h8o2hQBwVz9XdU6,outros,2020-06-04 19:21:44+00,2020-06-29 16:20:06+00
263,POSTO VIP,"RODOVIA PRADO / ITAMARAJU, KM 02 S/N SAO SEBASTIAO 45980000, PRADO",7332981621,"há 2 hora(s), 20 minuto(s) e 8 segundo(s)",Itamaraju,-17.3324152,-39.2329792,https://goo.gl/maps/pfZeZaft5cQ1tReS7,outros,2020-06-04 19:21:45+00,2020-06-29 16:21:01+00
264,POSTO BENTIVI,"RODOVIA BR 101 S/N SEDE 45836000, ITAMARAJU",7332948400,"há 2 hora(s), 17 minuto(s) e 47 segundo(s)",Itamaraju,-17.0145793,-39.543111,https://goo.gl/maps/aggBJUh8ACPkxZRd8,outros,2020-06-04 19:21:45+00,2020-06-29 16:22:16+00
284,POSTO MATARAZZO,"RODOVIA BA 499 S/N SEDE 44180000, ANTÔNIO CARDOSO",,"há 11 hora(s), 16 minuto(s) e 50 segundo(s)",Santo Estêvão,-13.5256151,-40.0640345,https://goo.gl/maps/iANz2bJoLysENTVi7,outros,2020-06-05 00:31:18+00,2020-06-29 16:48:34+00
285,POSTO SAO CAETANO II,"RODOVIA BR 116 KM. 465 S/N ZONA RURAL 44190000, SANTO ESTÊVÃO",,"há 3 hora(s), 26 minuto(s) e 20 segundo(s)",Santo Estêvão,-12.4616769,-39.2739449,https://goo.gl/maps/G1JG5GbTGk54itg97,ipiranga,2020-06-05 00:31:18+00,2020-06-29 17:04:23+00
286,POSTO PIRAI II,"RODOVIA BR 116 KM 472 S/N SEDE 44190000, SANTO ESTÊVÃO",,"há 3 hora(s), 31 minuto(s) e 42 segundo(s)",Santo Estêvão,-12.4459231,-39.2418258,https://goo.gl/maps/gW3FabSDLYjazhVe6,outros,2020-06-05 00:31:18+00,2020-06-29 17:06:59+00
287,POSTO PAU DE VELA,"RODOVIA BR 116 S/N SEDE 44190000, SANTO ESTÊVÃO",7533224455,"há 2 hora(s), 49 minuto(s) e 0 segundo(s)",Santo Estêvão,-12.4397073,-39.2306267,https://goo.gl/maps/J49FpFQ9N9cFRk5h7,outros,2020-06-05 00:31:18+00,2020-06-29 17:08:11+00
288,POSTO PORTO BRASIL - SANTO ESTEVAO,"RODOVIA BR 116 SN SEDE 44190000, SANTO ESTÊVÃO",7533224455,"há 3 hora(s), 57 minuto(s) e 20 segundo(s)",Santo Estêvão,-12.4777941,-39.3080033,https://goo.gl/maps/bb3r3wnBBjNJoBti7,petrobras,2020-06-05 00:31:18+00,2020-06-29 17:09:39+00
289,POSTO FAISAO,"RODOVIA BR 116 KM 477 SN ZONA RURAL 44190000, SANTO ESTÊVÃO",3138226630,"há 4 hora(s), 32 minuto(s) e 58 segundo(s)",Santo Estêvão,-12.5111568,-39.3738027,https://goo.gl/maps/zbeZiaamPms4w9Jh8,petrobras,2020-06-05 00:31:18+00,2020-06-29 17:10:40+00
290,POSTO POPULAR,"AVENIDA DOM JOSE BOTELHO 609 CENTRO 44190000, SANTO ESTÊVÃO",7532451880,"há 7 hora(s), 21 minuto(s) e 20 segundo(s)",Santo Estêvão,-12.4774777,-39.3083286,https://goo.gl/maps/mUaC2xfN1BNhekXq5,petrobras,2020-06-04 21:31:18+00,2020-06-29 17:12:50+00
292,POSTO LM,"RUA OLAVO GOMES 530 CENTRO 44680000, IPECAETÁ",7532451880,"há 6 hora(s), 13 minuto(s) e 0 segundo(s)",Santo Estêvão,-12.3223215,-39.3056768,https://goo.gl/maps/WRM8VKxgysTdo2Ld7,outros,2020-06-05 00:31:18+00,2020-06-29 17:14:06+00
293,AUTO POSTO AVENIDA,"AVENIDA POSSIDONIO DE SOUZA S/N CENTRO 44680000, IPECAETÁ",7591454608,"há 1 dia(s), 4 hora(s), 43 minuto(s) e 32 segundo(s)",Santo Estêvão,-12.317493,-39.3075003,https://goo.gl/maps/r5U4Z1K7x56TeExp7,outros,2020-06-05 00:31:18+00,2020-06-29 17:15:03+00
294,POSTO SANTA RITA,"RUA RICARDO RIBEIRO DA CRUZ 28 POVOADO DE SERROTE 44680000, IPECAETÁ",7599157360,"há 7 hora(s), 59 minuto(s) e 37 segundo(s)",Santo Estêvão,-12.3158272,-39.3069709,https://goo.gl/maps/Sj6SubivVoWQBZg16,outros,2020-06-05 00:31:18+00,2020-06-29 17:17:15+00
295,POSTO HORA,"AVENIDA JOSE BOTELHO 354 CENTRO 44190000, SANTO ESTÊVÃO",7532452960,"há 4 hora(s), 9 minuto(s) e 56 segundo(s)",Santo Estêvão,-12.437809,-39.2537362,https://goo.gl/maps/2LJzwodm88cfUyzb6,outros,2020-06-05 00:41:19+00,2020-06-29 17:18:43+00
309,CICLOMOTO MARAMBAIA,"AVENIDA GETULIO VARGAS 1896 TRIANGULO 44190000, SANTO ESTÊVÃO",,"há 4 hora(s), 33 minuto(s) e 16 segundo(s)",Santo Estêvão,-12.4452047,-39.2448464,https://goo.gl/maps/K1EvdjqsegNRzqiz8,outros,2020-06-09 00:31:21+00,2020-06-29 17:20:11+00
316,AUTO POSTO BARRETO,"AVENIDA JOAO DE CARVALHO LEITE 601 MARAMBAIA 44190000, SANTO ESTÊVÃO",,"há 5 hora(s), 51 minuto(s) e 2 segundo(s)",Santo Estêvão,-12.4230402,-39.2605602,https://goo.gl/maps/RRA8XJnqPa5fQHrK6,outros,2020-06-12 00:31:27+00,2020-06-29 17:21:59+00
319,POSTO RODOVIARIA,"AVENIDA ANTONIO CARLOS MAGALHAES 4222 PITUBA 41800700, SALVADOR",null,"há 20 hora(s), 44 minuto(s) e 50 segundo(s)",Salvador,,,,,2020-06-30 14:00:10+00,2020-06-30 14:00:10+00
